"source_set","direction","gene_symbol"
"GSE5099_Macrophage","mature_positive","ABHD12"
"GSE5099_Macrophage","mature_positive","ACTRT3"
"GSE5099_Macrophage","mature_positive","ADAT1"
"GSE5099_Macrophage","mature_positive","ADH1C"
"GSE5099_Macrophage","mature_positive","ADM"
"GSE5099_Macrophage","mature_positive","ADO"
"GSE5099_Macrophage","mature_positive","AHSG"
"GSE5099_Macrophage","mature_positive","ALKBH6"
"GSE5099_Macrophage","mature_positive","AMPD2"
"GSE5099_Macrophage","mature_positive","AP3M2"
"GSE5099_Macrophage","mature_positive","APOBR"
"GSE5099_Macrophage","mature_positive","APOE"
"GSE5099_Macrophage","mature_positive","ARF1"
"GSE5099_Macrophage","mature_positive","ARIH2"
"GSE5099_Macrophage","mature_positive","ARSI"
"GSE5099_Macrophage","mature_positive","ASPSCR1"
"GSE5099_Macrophage","mature_positive","ATP6V0A1"
"GSE5099_Macrophage","mature_positive","ATXN7L3B"
"GSE5099_Macrophage","mature_positive","AVPR2"
"GSE5099_Macrophage","mature_positive","BCL2L12"
"GSE5099_Macrophage","mature_positive","BEX2"
"GSE5099_Macrophage","mature_positive","BOP1"
"GSE5099_Macrophage","mature_positive","BTBD9"
"GSE5099_Macrophage","mature_positive","CAD"
"GSE5099_Macrophage","mature_positive","CAPN15"
"GSE5099_Macrophage","mature_positive","CBX6"
"GSE5099_Macrophage","mature_positive","CCDC85B"
"GSE5099_Macrophage","mature_positive","CCHCR1"
"GSE5099_Macrophage","mature_positive","CCR10"
"GSE5099_Macrophage","mature_positive","CD14"
"GSE5099_Macrophage","mature_positive","CD99"
"GSE5099_Macrophage","mature_positive","CFAP206"
"GSE5099_Macrophage","mature_positive","CFLAR"
"GSE5099_Macrophage","mature_positive","CGNL1"
"GSE5099_Macrophage","mature_positive","CHD3"
"GSE5099_Macrophage","mature_positive","CHP2"
"GSE5099_Macrophage","mature_positive","CHRNA4"
"GSE5099_Macrophage","mature_positive","CNOT11"
"GSE5099_Macrophage","mature_positive","COL2A1"
"GSE5099_Macrophage","mature_positive","COQ8B"
"GSE5099_Macrophage","mature_positive","CPSF4"
"GSE5099_Macrophage","mature_positive","CRTC3"
"GSE5099_Macrophage","mature_positive","CS"
"GSE5099_Macrophage","mature_positive","CTLA4"
"GSE5099_Macrophage","mature_positive","CTSW"
"GSE5099_Macrophage","mature_positive","CYP21A1P"
"GSE5099_Macrophage","mature_positive","CYP24A1"
"GSE5099_Macrophage","mature_positive","CYP4F22"
"GSE5099_Macrophage","mature_positive","DENND3"
"GSE5099_Macrophage","mature_positive","DERL3"
"GSE5099_Macrophage","mature_positive","DET1"
"GSE5099_Macrophage","mature_positive","DYNLL2"
"GSE5099_Macrophage","mature_positive","E2F5"
"GSE5099_Macrophage","mature_positive","EDC4"
"GSE5099_Macrophage","mature_positive","EIF4G1"
"GSE5099_Macrophage","mature_positive","ENO4"
"GSE5099_Macrophage","mature_positive","EPN3"
"GSE5099_Macrophage","mature_positive","ETS1"
"GSE5099_Macrophage","mature_positive","EVA1C"
"GSE5099_Macrophage","mature_positive","FCGRT"
"GSE5099_Macrophage","mature_positive","FKBP1A"
"GSE5099_Macrophage","mature_positive","FLNA"
"GSE5099_Macrophage","mature_positive","FZD7"
"GSE5099_Macrophage","mature_positive","GAA"
"GSE5099_Macrophage","mature_positive","GM2A"
"GSE5099_Macrophage","mature_positive","GMEB1"
"GSE5099_Macrophage","mature_positive","GMPPA"
"GSE5099_Macrophage","mature_positive","GPR108"
"GSE5099_Macrophage","mature_positive","GPR63"
"GSE5099_Macrophage","mature_positive","GRINA"
"GSE5099_Macrophage","mature_positive","GSDMA"
"GSE5099_Macrophage","mature_positive","GYPC"
"GSE5099_Macrophage","mature_positive","H1-10"
"GSE5099_Macrophage","mature_positive","HDC"
"GSE5099_Macrophage","mature_positive","HELB"
"GSE5099_Macrophage","mature_positive","HEXA"
"GSE5099_Macrophage","mature_positive","HGS"
"GSE5099_Macrophage","mature_positive","HLA-DRB1"
"GSE5099_Macrophage","mature_positive","HPS4"
"GSE5099_Macrophage","mature_positive","HS1BP3"
"GSE5099_Macrophage","mature_positive","HS3ST2"
"GSE5099_Macrophage","mature_positive","IER2"
"GSE5099_Macrophage","mature_positive","IFI30"
"GSE5099_Macrophage","mature_positive","INSYN1"
"GSE5099_Macrophage","mature_positive","INTS1"
"GSE5099_Macrophage","mature_positive","KCNJ8"
"GSE5099_Macrophage","mature_positive","KCTD20"
"GSE5099_Macrophage","mature_positive","KDM4D"
"GSE5099_Macrophage","mature_positive","KDM5D"
"GSE5099_Macrophage","mature_positive","KLF6"
"GSE5099_Macrophage","mature_positive","KLHDC10"
"GSE5099_Macrophage","mature_positive","KMT2D"
"GSE5099_Macrophage","mature_positive","LAG3"
"GSE5099_Macrophage","mature_positive","LDHD"
"GSE5099_Macrophage","mature_positive","LRIG2"
"GSE5099_Macrophage","mature_positive","LRP1"
"GSE5099_Macrophage","mature_positive","LRRC61"
"GSE5099_Macrophage","mature_positive","LY6D"
"GSE5099_Macrophage","mature_positive","LY6H"
"GSE5099_Macrophage","mature_positive","MAN2B1"
"GSE5099_Macrophage","mature_positive","MCU"
"GSE5099_Macrophage","mature_positive","MED7"
"GSE5099_Macrophage","mature_positive","MEN1"
"GSE5099_Macrophage","mature_positive","MERTK"
"GSE5099_Macrophage","mature_positive","MFHAS1"
"GSE5099_Macrophage","mature_positive","MFSD13A"
"GSE5099_Macrophage","mature_positive","MMP17"
"GSE5099_Macrophage","mature_positive","MRPL38"
"GSE5099_Macrophage","mature_positive","MTHFSD"
"GSE5099_Macrophage","mature_positive","MYO19"
"GSE5099_Macrophage","mature_positive","MZB1"
"GSE5099_Macrophage","mature_positive","NAA60"
"GSE5099_Macrophage","mature_positive","NCF1"
"GSE5099_Macrophage","mature_positive","NCKIPSD"
"GSE5099_Macrophage","mature_positive","NFASC"
"GSE5099_Macrophage","mature_positive","NKX2-3"
"GSE5099_Macrophage","mature_positive","NOXO1"
"GSE5099_Macrophage","mature_positive","NR4A1"
"GSE5099_Macrophage","mature_positive","NRSN2"
"GSE5099_Macrophage","mature_positive","NUCB1"
"GSE5099_Macrophage","mature_positive","ORAI1"
"GSE5099_Macrophage","mature_positive","OS9"
"GSE5099_Macrophage","mature_positive","PCDHB6"
"GSE5099_Macrophage","mature_positive","PELP1"
"GSE5099_Macrophage","mature_positive","PEX5"
"GSE5099_Macrophage","mature_positive","PGF"
"GSE5099_Macrophage","mature_positive","PKDREJ"
"GSE5099_Macrophage","mature_positive","PKN1"
"GSE5099_Macrophage","mature_positive","PKP4"
"GSE5099_Macrophage","mature_positive","PLEC"
"GSE5099_Macrophage","mature_positive","PLEKHH1"
"GSE5099_Macrophage","mature_positive","PLIN4"
"GSE5099_Macrophage","mature_positive","PML"
"GSE5099_Macrophage","mature_positive","POLR2A"
"GSE5099_Macrophage","mature_positive","POP1"
"GSE5099_Macrophage","mature_positive","PPFIA4"
"GSE5099_Macrophage","mature_positive","PPM1L"
"GSE5099_Macrophage","mature_positive","PRDX4"
"GSE5099_Macrophage","mature_positive","PRELID2"
"GSE5099_Macrophage","mature_positive","PREX2"
"GSE5099_Macrophage","mature_positive","PRPSAP1"
"GSE5099_Macrophage","mature_positive","RANBP6"
"GSE5099_Macrophage","mature_positive","RBM38"
"GSE5099_Macrophage","mature_positive","RCL1"
"GSE5099_Macrophage","mature_positive","RDH16"
"GSE5099_Macrophage","mature_positive","RHBDF2"
"GSE5099_Macrophage","mature_positive","RNF112"
"GSE5099_Macrophage","mature_positive","RTKN2"
"GSE5099_Macrophage","mature_positive","S100B"
"GSE5099_Macrophage","mature_positive","SARM1"
"GSE5099_Macrophage","mature_positive","SH3BGRL3"
"GSE5099_Macrophage","mature_positive","SLC18A1"
"GSE5099_Macrophage","mature_positive","SLC35E4"
"GSE5099_Macrophage","mature_positive","SLN"
"GSE5099_Macrophage","mature_positive","SLPI"
"GSE5099_Macrophage","mature_positive","SLX4"
"GSE5099_Macrophage","mature_positive","SMAD4"
"GSE5099_Macrophage","mature_positive","SMARCD2"
"GSE5099_Macrophage","mature_positive","SMPD2"
"GSE5099_Macrophage","mature_positive","SMPD4"
"GSE5099_Macrophage","mature_positive","SNX32"
"GSE5099_Macrophage","mature_positive","SOCS7"
"GSE5099_Macrophage","mature_positive","SREBF1"
"GSE5099_Macrophage","mature_positive","SRF"
"GSE5099_Macrophage","mature_positive","TAX1BP3"
"GSE5099_Macrophage","mature_positive","TBC1D4"
"GSE5099_Macrophage","mature_positive","TBCEL"
"GSE5099_Macrophage","mature_positive","TFF2"
"GSE5099_Macrophage","mature_positive","TFIP11"
"GSE5099_Macrophage","mature_positive","TIMM17B"
"GSE5099_Macrophage","mature_positive","TMEM121"
"GSE5099_Macrophage","mature_positive","TMEM176B"
"GSE5099_Macrophage","mature_positive","TMEM191C"
"GSE5099_Macrophage","mature_positive","TNIP2"
"GSE5099_Macrophage","mature_positive","TNS3"
"GSE5099_Macrophage","mature_positive","TPRG1L"
"GSE5099_Macrophage","mature_positive","TRIM41"
"GSE5099_Macrophage","mature_positive","TRPC3"
"GSE5099_Macrophage","mature_positive","TRRAP"
"GSE5099_Macrophage","mature_positive","TSPAN14"
"GSE5099_Macrophage","mature_positive","TTI1"
"GSE5099_Macrophage","mature_positive","TUSC1"
"GSE5099_Macrophage","mature_positive","USP14"
"GSE5099_Macrophage","mature_positive","USP30"
"GSE5099_Macrophage","mature_positive","USP36"
"GSE5099_Macrophage","mature_positive","WDR81"
"GSE5099_Macrophage","mature_positive","ZBTB4"
"GSE5099_Macrophage","mature_positive","ZC3H12A"
"GSE5099_Macrophage","mature_positive","ZCCHC12"
"GSE5099_Macrophage","mature_positive","ZFAND3"
"GSE5099_Macrophage","mature_positive","ZMYM3"
"GSE5099_Macrophage","mature_positive","ZNF710"
"GSE5099_Macrophage","mature_positive","ZNF711"
"GSE5099_Monocyte","immature_negative","ABHD17B"
"GSE5099_Monocyte","immature_negative","ADGRF5"
"GSE5099_Monocyte","immature_negative","AGO2"
"GSE5099_Monocyte","immature_negative","AKAP9"
"GSE5099_Monocyte","immature_negative","AKIRIN1"
"GSE5099_Monocyte","immature_negative","ALDH18A1"
"GSE5099_Monocyte","immature_negative","ANAPC4"
"GSE5099_Monocyte","immature_negative","ANKHD1"
"GSE5099_Monocyte","immature_negative","ANKRD10"
"GSE5099_Monocyte","immature_negative","ANKRD24"
"GSE5099_Monocyte","immature_negative","AP3S1"
"GSE5099_Monocyte","immature_negative","APPL1"
"GSE5099_Monocyte","immature_negative","ARFGEF1"
"GSE5099_Monocyte","immature_negative","ARGLU1"
"GSE5099_Monocyte","immature_negative","ARHGAP30"
"GSE5099_Monocyte","immature_negative","ATP11B"
"GSE5099_Monocyte","immature_negative","ATP5MK"
"GSE5099_Monocyte","immature_negative","BAG1"
"GSE5099_Monocyte","immature_negative","BANF1"
"GSE5099_Monocyte","immature_negative","BTBD1"
"GSE5099_Monocyte","immature_negative","CCNL2"
"GSE5099_Monocyte","immature_negative","CCT5"
"GSE5099_Monocyte","immature_negative","CD28"
"GSE5099_Monocyte","immature_negative","CDC37L1"
"GSE5099_Monocyte","immature_negative","CDC5L"
"GSE5099_Monocyte","immature_negative","CDK1"
"GSE5099_Monocyte","immature_negative","CEP41"
"GSE5099_Monocyte","immature_negative","CHD9"
"GSE5099_Monocyte","immature_negative","CHURC1"
"GSE5099_Monocyte","immature_negative","CLEC4M"
"GSE5099_Monocyte","immature_negative","CMPK1"
"GSE5099_Monocyte","immature_negative","CNBP"
"GSE5099_Monocyte","immature_negative","COMMD6"
"GSE5099_Monocyte","immature_negative","COX4I1"
"GSE5099_Monocyte","immature_negative","CPSF3"
"GSE5099_Monocyte","immature_negative","CREBZF"
"GSE5099_Monocyte","immature_negative","CTBS"
"GSE5099_Monocyte","immature_negative","CXXC5"
"GSE5099_Monocyte","immature_negative","DAPP1"
"GSE5099_Monocyte","immature_negative","DAZAP2"
"GSE5099_Monocyte","immature_negative","DNAJC15"
"GSE5099_Monocyte","immature_negative","DPP4"
"GSE5099_Monocyte","immature_negative","DPY19L4"
"GSE5099_Monocyte","immature_negative","DUS1L"
"GSE5099_Monocyte","immature_negative","ECI2"
"GSE5099_Monocyte","immature_negative","EFCAB14"
"GSE5099_Monocyte","immature_negative","EIF1B"
"GSE5099_Monocyte","immature_negative","EIF3A"
"GSE5099_Monocyte","immature_negative","EIF3E"
"GSE5099_Monocyte","immature_negative","EIF3L"
"GSE5099_Monocyte","immature_negative","EMC3"
"GSE5099_Monocyte","immature_negative","ERI2"
"GSE5099_Monocyte","immature_negative","ERO1B"
"GSE5099_Monocyte","immature_negative","ESF1"
"GSE5099_Monocyte","immature_negative","ETNK1"
"GSE5099_Monocyte","immature_negative","EXOSC1"
"GSE5099_Monocyte","immature_negative","FAM162A"
"GSE5099_Monocyte","immature_negative","FAM98A"
"GSE5099_Monocyte","immature_negative","FEM1C"
"GSE5099_Monocyte","immature_negative","FMNL2"
"GSE5099_Monocyte","immature_negative","FNTA"
"GSE5099_Monocyte","immature_negative","GABPA"
"GSE5099_Monocyte","immature_negative","GABPB2"
"GSE5099_Monocyte","immature_negative","GCLM"
"GSE5099_Monocyte","immature_negative","GINS1"
"GSE5099_Monocyte","immature_negative","GNG2"
"GSE5099_Monocyte","immature_negative","GPM6B"
"GSE5099_Monocyte","immature_negative","H2AZ1"
"GSE5099_Monocyte","immature_negative","HERC2"
"GSE5099_Monocyte","immature_negative","HNRNPA1"
"GSE5099_Monocyte","immature_negative","HPRT1"
"GSE5099_Monocyte","immature_negative","HSPA13"
"GSE5099_Monocyte","immature_negative","HSPA4L"
"GSE5099_Monocyte","immature_negative","IDS"
"GSE5099_Monocyte","immature_negative","IFTAP"
"GSE5099_Monocyte","immature_negative","IL10RB"
"GSE5099_Monocyte","immature_negative","JADE1"
"GSE5099_Monocyte","immature_negative","KATNBL1"
"GSE5099_Monocyte","immature_negative","KCTD12"
"GSE5099_Monocyte","immature_negative","KPNA3"
"GSE5099_Monocyte","immature_negative","LARGE1"
"GSE5099_Monocyte","immature_negative","LRIF1"
"GSE5099_Monocyte","immature_negative","LRRC40"
"GSE5099_Monocyte","immature_negative","MAPK9"
"GSE5099_Monocyte","immature_negative","MED10"
"GSE5099_Monocyte","immature_negative","MEMO1"
"GSE5099_Monocyte","immature_negative","METAP2"
"GSE5099_Monocyte","immature_negative","METTL15"
"GSE5099_Monocyte","immature_negative","MFSD14A"
"GSE5099_Monocyte","immature_negative","MGA"
"GSE5099_Monocyte","immature_negative","MID1"
"GSE5099_Monocyte","immature_negative","MMUT"
"GSE5099_Monocyte","immature_negative","MRPL39"
"GSE5099_Monocyte","immature_negative","MTHFD1"
"GSE5099_Monocyte","immature_negative","NABP1"
"GSE5099_Monocyte","immature_negative","NASP"
"GSE5099_Monocyte","immature_negative","NBN"
"GSE5099_Monocyte","immature_negative","NCOA6"
"GSE5099_Monocyte","immature_negative","NDUFAF4"
"GSE5099_Monocyte","immature_negative","NDUFB9"
"GSE5099_Monocyte","immature_negative","NEK7"
"GSE5099_Monocyte","immature_negative","NIFK"
"GSE5099_Monocyte","immature_negative","NLRC5"
"GSE5099_Monocyte","immature_negative","NOC3L"
"GSE5099_Monocyte","immature_negative","NOL7"
"GSE5099_Monocyte","immature_negative","NSD3"
"GSE5099_Monocyte","immature_negative","NSFL1C"
"GSE5099_Monocyte","immature_negative","NSMCE4A"
"GSE5099_Monocyte","immature_negative","NUDT12"
"GSE5099_Monocyte","immature_negative","NUP37"
"GSE5099_Monocyte","immature_negative","OLA1"
"GSE5099_Monocyte","immature_negative","OSBPL9"
"GSE5099_Monocyte","immature_negative","OSER1"
"GSE5099_Monocyte","immature_negative","PBK"
"GSE5099_Monocyte","immature_negative","PCLAF"
"GSE5099_Monocyte","immature_negative","PCMT1"
"GSE5099_Monocyte","immature_negative","PCMTD1"
"GSE5099_Monocyte","immature_negative","PHF10"
"GSE5099_Monocyte","immature_negative","PHOSPHO2"
"GSE5099_Monocyte","immature_negative","PIGF"
"GSE5099_Monocyte","immature_negative","PIGP"
"GSE5099_Monocyte","immature_negative","PIGX"
"GSE5099_Monocyte","immature_negative","PLPP5"
"GSE5099_Monocyte","immature_negative","PNN"
"GSE5099_Monocyte","immature_negative","PNP"
"GSE5099_Monocyte","immature_negative","POGLUT3"
"GSE5099_Monocyte","immature_negative","POLR1F"
"GSE5099_Monocyte","immature_negative","POMP"
"GSE5099_Monocyte","immature_negative","PPM1H"
"GSE5099_Monocyte","immature_negative","PPP1CC"
"GSE5099_Monocyte","immature_negative","PPP2R5C"
"GSE5099_Monocyte","immature_negative","PSMC2"
"GSE5099_Monocyte","immature_negative","PSMD10"
"GSE5099_Monocyte","immature_negative","PXYLP1"
"GSE5099_Monocyte","immature_negative","RAB9A"
"GSE5099_Monocyte","immature_negative","RBM34"
"GSE5099_Monocyte","immature_negative","RDX"
"GSE5099_Monocyte","immature_negative","RELCH"
"GSE5099_Monocyte","immature_negative","RHD"
"GSE5099_Monocyte","immature_negative","RLF"
"GSE5099_Monocyte","immature_negative","RMDN3"
"GSE5099_Monocyte","immature_negative","RNASE6"
"GSE5099_Monocyte","immature_negative","RNMT"
"GSE5099_Monocyte","immature_negative","RPL17"
"GSE5099_Monocyte","immature_negative","RPL23A"
"GSE5099_Monocyte","immature_negative","RPL24"
"GSE5099_Monocyte","immature_negative","RPL26"
"GSE5099_Monocyte","immature_negative","RPL39L"
"GSE5099_Monocyte","immature_negative","RRM2B"
"GSE5099_Monocyte","immature_negative","RSRC1"
"GSE5099_Monocyte","immature_negative","SACM1L"
"GSE5099_Monocyte","immature_negative","SEC63"
"GSE5099_Monocyte","immature_negative","SENP7"
"GSE5099_Monocyte","immature_negative","SESN3"
"GSE5099_Monocyte","immature_negative","SFXN4"
"GSE5099_Monocyte","immature_negative","SH3GLB1"
"GSE5099_Monocyte","immature_negative","SHMT1"
"GSE5099_Monocyte","immature_negative","SLC7A9"
"GSE5099_Monocyte","immature_negative","SNX2"
"GSE5099_Monocyte","immature_negative","SNX5"
"GSE5099_Monocyte","immature_negative","SQLE"
"GSE5099_Monocyte","immature_negative","SRSF10"
"GSE5099_Monocyte","immature_negative","SS18L2"
"GSE5099_Monocyte","immature_negative","STRADB"
"GSE5099_Monocyte","immature_negative","STRBP"
"GSE5099_Monocyte","immature_negative","SUCO"
"GSE5099_Monocyte","immature_negative","SURF1"
"GSE5099_Monocyte","immature_negative","TBRG1"
"GSE5099_Monocyte","immature_negative","TEX30"
"GSE5099_Monocyte","immature_negative","TGM4"
"GSE5099_Monocyte","immature_negative","TLR7"
"GSE5099_Monocyte","immature_negative","TMEM107"
"GSE5099_Monocyte","immature_negative","TMEM167A"
"GSE5099_Monocyte","immature_negative","TMEM168"
"GSE5099_Monocyte","immature_negative","TMEM64"
"GSE5099_Monocyte","immature_negative","TPP2"
"GSE5099_Monocyte","immature_negative","TRAM1"
"GSE5099_Monocyte","immature_negative","TRMT2B"
"GSE5099_Monocyte","immature_negative","TSC22D2"
"GSE5099_Monocyte","immature_negative","TSN"
"GSE5099_Monocyte","immature_negative","UBE2D3"
"GSE5099_Monocyte","immature_negative","UBE2L3"
"GSE5099_Monocyte","immature_negative","UBR3"
"GSE5099_Monocyte","immature_negative","USP34"
"GSE5099_Monocyte","immature_negative","UTRN"
"GSE5099_Monocyte","immature_negative","VAMP7"
"GSE5099_Monocyte","immature_negative","VPS35"
"GSE5099_Monocyte","immature_negative","VPS41"
"GSE5099_Monocyte","immature_negative","VPS54"
"GSE5099_Monocyte","immature_negative","WAC"
"GSE5099_Monocyte","immature_negative","WASHC4"
"GSE5099_Monocyte","immature_negative","YIPF5"
"GSE5099_Monocyte","immature_negative","ZBTB1"
"GSE5099_Monocyte","immature_negative","ZBTB33"
"GSE5099_Monocyte","immature_negative","ZHX1"
"GSE5099_Monocyte","immature_negative","ZNF157"
"GSE5099_Monocyte","immature_negative","ZNF281"
"GSE5099_Monocyte","immature_negative","ZNF318"
"GSE5099_Monocyte","immature_negative","ZNF445"
"GSE11864_Macrophage","mature_positive","ABCC5"
"GSE11864_Macrophage","mature_positive","ACOT4"
"GSE11864_Macrophage","mature_positive","ADAM10"
"GSE11864_Macrophage","mature_positive","ADORA3"
"GSE11864_Macrophage","mature_positive","AIFM1"
"GSE11864_Macrophage","mature_positive","ANKRD29"
"GSE11864_Macrophage","mature_positive","APOC2"
"GSE11864_Macrophage","mature_positive","ARAP1"
"GSE11864_Macrophage","mature_positive","ARL15"
"GSE11864_Macrophage","mature_positive","ATP10D"
"GSE11864_Macrophage","mature_positive","B3GALT5-AS1"
"GSE11864_Macrophage","mature_positive","BCAR3"
"GSE11864_Macrophage","mature_positive","BEST1"
"GSE11864_Macrophage","mature_positive","BMS1P2"
"GSE11864_Macrophage","mature_positive","BORA"
"GSE11864_Macrophage","mature_positive","BTD"
"GSE11864_Macrophage","mature_positive","C1orf122"
"GSE11864_Macrophage","mature_positive","C9orf40"
"GSE11864_Macrophage","mature_positive","CAB39L"
"GSE11864_Macrophage","mature_positive","CALHM2"
"GSE11864_Macrophage","mature_positive","CANX"
"GSE11864_Macrophage","mature_positive","CASC3"
"GSE11864_Macrophage","mature_positive","CCL24"
"GSE11864_Macrophage","mature_positive","CCM2"
"GSE11864_Macrophage","mature_positive","CD72"
"GSE11864_Macrophage","mature_positive","CDCA7L"
"GSE11864_Macrophage","mature_positive","CHMP4A"
"GSE11864_Macrophage","mature_positive","CKAP5"
"GSE11864_Macrophage","mature_positive","CLCN5"
"GSE11864_Macrophage","mature_positive","CNRIP1"
"GSE11864_Macrophage","mature_positive","COCH"
"GSE11864_Macrophage","mature_positive","CPTP"
"GSE11864_Macrophage","mature_positive","CRYZ"
"GSE11864_Macrophage","mature_positive","CXCL3"
"GSE11864_Macrophage","mature_positive","CYP2B6"
"GSE11864_Macrophage","mature_positive","DAXX"
"GSE11864_Macrophage","mature_positive","DDX23"
"GSE11864_Macrophage","mature_positive","DHRSX"
"GSE11864_Macrophage","mature_positive","DIRC3"
"GSE11864_Macrophage","mature_positive","DLEU2"
"GSE11864_Macrophage","mature_positive","DNAL1"
"GSE11864_Macrophage","mature_positive","DNPH1"
"GSE11864_Macrophage","mature_positive","DPM3"
"GSE11864_Macrophage","mature_positive","DPY19L4"
"GSE11864_Macrophage","mature_positive","EBAG9"
"GSE11864_Macrophage","mature_positive","EIF2B5"
"GSE11864_Macrophage","mature_positive","ELP3"
"GSE11864_Macrophage","mature_positive","EMC2"
"GSE11864_Macrophage","mature_positive","EPC2"
"GSE11864_Macrophage","mature_positive","ETFBKMT"
"GSE11864_Macrophage","mature_positive","FJX1"
"GSE11864_Macrophage","mature_positive","FNTB"
"GSE11864_Macrophage","mature_positive","GABRG3"
"GSE11864_Macrophage","mature_positive","GEM"
"GSE11864_Macrophage","mature_positive","GIGYF2"
"GSE11864_Macrophage","mature_positive","GLA"
"GSE11864_Macrophage","mature_positive","GLB1"
"GSE11864_Macrophage","mature_positive","GMPPB"
"GSE11864_Macrophage","mature_positive","GOSR1"
"GSE11864_Macrophage","mature_positive","GPR157"
"GSE11864_Macrophage","mature_positive","GTF2IRD1"
"GSE11864_Macrophage","mature_positive","HAVCR2"
"GSE11864_Macrophage","mature_positive","HBP1"
"GSE11864_Macrophage","mature_positive","HCCS"
"GSE11864_Macrophage","mature_positive","HEBP1"
"GSE11864_Macrophage","mature_positive","HECTD3"
"GSE11864_Macrophage","mature_positive","HFE"
"GSE11864_Macrophage","mature_positive","HIRIP3"
"GSE11864_Macrophage","mature_positive","HS3ST1"
"GSE11864_Macrophage","mature_positive","HSDL1"
"GSE11864_Macrophage","mature_positive","HSPBAP1"
"GSE11864_Macrophage","mature_positive","HTRA2"
"GSE11864_Macrophage","mature_positive","ID3"
"GSE11864_Macrophage","mature_positive","IFT122"
"GSE11864_Macrophage","mature_positive","IL1RL2"
"GSE11864_Macrophage","mature_positive","IMMP1L"
"GSE11864_Macrophage","mature_positive","INTS13"
"GSE11864_Macrophage","mature_positive","IPO9"
"GSE11864_Macrophage","mature_positive","JADE3"
"GSE11864_Macrophage","mature_positive","JPT2"
"GSE11864_Macrophage","mature_positive","KCTD5"
"GSE11864_Macrophage","mature_positive","KCTD7"
"GSE11864_Macrophage","mature_positive","KDM2B"
"GSE11864_Macrophage","mature_positive","KDM5D"
"GSE11864_Macrophage","mature_positive","KLHL9"
"GSE11864_Macrophage","mature_positive","LFNG"
"GSE11864_Macrophage","mature_positive","LIG1"
"GSE11864_Macrophage","mature_positive","LIN9"
"GSE11864_Macrophage","mature_positive","LINC00324"
"GSE11864_Macrophage","mature_positive","LINC00639"
"GSE11864_Macrophage","mature_positive","LINC00921"
"GSE11864_Macrophage","mature_positive","LNX2"
"GSE11864_Macrophage","mature_positive","LXN"
"GSE11864_Macrophage","mature_positive","MBLAC2"
"GSE11864_Macrophage","mature_positive","MCEE"
"GSE11864_Macrophage","mature_positive","ME3"
"GSE11864_Macrophage","mature_positive","MED14"
"GSE11864_Macrophage","mature_positive","MED28"
"GSE11864_Macrophage","mature_positive","MEGF8"
"GSE11864_Macrophage","mature_positive","MIR663AHG"
"GSE11864_Macrophage","mature_positive","MRPL27"
"GSE11864_Macrophage","mature_positive","MRPS28"
"GSE11864_Macrophage","mature_positive","MTG1"
"GSE11864_Macrophage","mature_positive","MTMR10"
"GSE11864_Macrophage","mature_positive","MTX2"
"GSE11864_Macrophage","mature_positive","MYDGF"
"GSE11864_Macrophage","mature_positive","MYL6"
"GSE11864_Macrophage","mature_positive","NAA30"
"GSE11864_Macrophage","mature_positive","NAPEPLD"
"GSE11864_Macrophage","mature_positive","NHSL2"
"GSE11864_Macrophage","mature_positive","NOSIP"
"GSE11864_Macrophage","mature_positive","NQO1"
"GSE11864_Macrophage","mature_positive","NTPCR"
"GSE11864_Macrophage","mature_positive","NUBP1"
"GSE11864_Macrophage","mature_positive","NUP43"
"GSE11864_Macrophage","mature_positive","ORMDL2"
"GSE11864_Macrophage","mature_positive","OXNAD1"
"GSE11864_Macrophage","mature_positive","P4HA2"
"GSE11864_Macrophage","mature_positive","PARG"
"GSE11864_Macrophage","mature_positive","PDCD7"
"GSE11864_Macrophage","mature_positive","PDE2A"
"GSE11864_Macrophage","mature_positive","PEX14"
"GSE11864_Macrophage","mature_positive","PI4K2A"
"GSE11864_Macrophage","mature_positive","PILRA"
"GSE11864_Macrophage","mature_positive","PIN4"
"GSE11864_Macrophage","mature_positive","PITHD1"
"GSE11864_Macrophage","mature_positive","PNMA1"
"GSE11864_Macrophage","mature_positive","POGZ"
"GSE11864_Macrophage","mature_positive","PPP1R21"
"GSE11864_Macrophage","mature_positive","PRKAR2A"
"GSE11864_Macrophage","mature_positive","PRKCI"
"GSE11864_Macrophage","mature_positive","PTER"
"GSE11864_Macrophage","mature_positive","PUM2"
"GSE11864_Macrophage","mature_positive","PUS3"
"GSE11864_Macrophage","mature_positive","RACGAP1"
"GSE11864_Macrophage","mature_positive","RB1"
"GSE11864_Macrophage","mature_positive","RBSN"
"GSE11864_Macrophage","mature_positive","RDX"
"GSE11864_Macrophage","mature_positive","REEP5"
"GSE11864_Macrophage","mature_positive","RNF182"
"GSE11864_Macrophage","mature_positive","RP2"
"GSE11864_Macrophage","mature_positive","SACS"
"GSE11864_Macrophage","mature_positive","SEPTIN7"
"GSE11864_Macrophage","mature_positive","SIGLEC1"
"GSE11864_Macrophage","mature_positive","SIGLEC9"
"GSE11864_Macrophage","mature_positive","SLAMF7"
"GSE11864_Macrophage","mature_positive","SLC2A13"
"GSE11864_Macrophage","mature_positive","SLC30A1"
"GSE11864_Macrophage","mature_positive","SLFN11"
"GSE11864_Macrophage","mature_positive","SNAPIN"
"GSE11864_Macrophage","mature_positive","SPDL1"
"GSE11864_Macrophage","mature_positive","SPOP"
"GSE11864_Macrophage","mature_positive","SPTAN1"
"GSE11864_Macrophage","mature_positive","STARD13"
"GSE11864_Macrophage","mature_positive","STXBP3"
"GSE11864_Macrophage","mature_positive","TBC1D24"
"GSE11864_Macrophage","mature_positive","TBC1D8B"
"GSE11864_Macrophage","mature_positive","TBL2"
"GSE11864_Macrophage","mature_positive","TEX264"
"GSE11864_Macrophage","mature_positive","THEMIS"
"GSE11864_Macrophage","mature_positive","TIMM17A"
"GSE11864_Macrophage","mature_positive","TINF2"
"GSE11864_Macrophage","mature_positive","TLR8"
"GSE11864_Macrophage","mature_positive","TMEM218"
"GSE11864_Macrophage","mature_positive","TPRA1"
"GSE11864_Macrophage","mature_positive","TRAM1"
"GSE11864_Macrophage","mature_positive","TUBA1B"
"GSE11864_Macrophage","mature_positive","UNC50"
"GSE11864_Macrophage","mature_positive","UQCR10"
"GSE11864_Macrophage","mature_positive","USP19"
"GSE11864_Macrophage","mature_positive","USP51"
"GSE11864_Macrophage","mature_positive","VEZT"
"GSE11864_Macrophage","mature_positive","VPS26C"
"GSE11864_Macrophage","mature_positive","WIPF2"
"GSE11864_Macrophage","mature_positive","WIPF3"
"GSE11864_Macrophage","mature_positive","YARS2"
"GSE11864_Macrophage","mature_positive","ZBTB3"
"GSE11864_Macrophage","mature_positive","ZBTB33"
"GSE11864_Macrophage","mature_positive","ZC3H6"
"GSE11864_Macrophage","mature_positive","ZFP37"
"GSE11864_Macrophage","mature_positive","ZMYND15"
"GSE11864_Macrophage","mature_positive","ZNF175"
"GSE11864_Macrophage","mature_positive","ZNF19"
"GSE11864_Macrophage","mature_positive","ZNF224"
"GSE11864_Macrophage","mature_positive","ZNF248"
"GSE11864_Macrophage","mature_positive","ZNF322"
"GSE11864_Macrophage","mature_positive","ZNF382"
"GSE11864_Macrophage","mature_positive","ZNF407"
"GSE11864_Macrophage","mature_positive","ZNF416"
"GSE11864_Macrophage","mature_positive","ZNF571"
"GSE11864_Macrophage","mature_positive","ZNF701"
"GSE11864_Macrophage","mature_positive","ZNF816"
"GSE11864_Macrophage","mature_positive","ZNRF2"
"GSE11864_Monocyte","immature_negative","ABHD14B"
"GSE11864_Monocyte","immature_negative","ACTR1A"
"GSE11864_Monocyte","immature_negative","AGRP"
"GSE11864_Monocyte","immature_negative","ALAS2"
"GSE11864_Monocyte","immature_negative","ALDOC"
"GSE11864_Monocyte","immature_negative","ANKHD1"
"GSE11864_Monocyte","immature_negative","ANXA1"
"GSE11864_Monocyte","immature_negative","APOBEC3G"
"GSE11864_Monocyte","immature_negative","ARHGAP15"
"GSE11864_Monocyte","immature_negative","ARHGEF1"
"GSE11864_Monocyte","immature_negative","ARPC1B"
"GSE11864_Monocyte","immature_negative","ASGR1"
"GSE11864_Monocyte","immature_negative","ATG2A"
"GSE11864_Monocyte","immature_negative","ATG4B"
"GSE11864_Monocyte","immature_negative","ATP5MG"
"GSE11864_Monocyte","immature_negative","C4orf33"
"GSE11864_Monocyte","immature_negative","C6orf58"
"GSE11864_Monocyte","immature_negative","CAMLG"
"GSE11864_Monocyte","immature_negative","CCDC181"
"GSE11864_Monocyte","immature_negative","CCDC6"
"GSE11864_Monocyte","immature_negative","CCL17"
"GSE11864_Monocyte","immature_negative","CD300LB"
"GSE11864_Monocyte","immature_negative","CD300LF"
"GSE11864_Monocyte","immature_negative","CD52"
"GSE11864_Monocyte","immature_negative","CDK2AP1"
"GSE11864_Monocyte","immature_negative","CENPC"
"GSE11864_Monocyte","immature_negative","CHMP1B"
"GSE11864_Monocyte","immature_negative","CHPF2"
"GSE11864_Monocyte","immature_negative","CMPK1"
"GSE11864_Monocyte","immature_negative","CPA6"
"GSE11864_Monocyte","immature_negative","CREB5"
"GSE11864_Monocyte","immature_negative","CYC1"
"GSE11864_Monocyte","immature_negative","DNAJC10"
"GSE11864_Monocyte","immature_negative","DOCK2"
"GSE11864_Monocyte","immature_negative","DOCK8"
"GSE11864_Monocyte","immature_negative","DPYD"
"GSE11864_Monocyte","immature_negative","EAF2"
"GSE11864_Monocyte","immature_negative","EEF2"
"GSE11864_Monocyte","immature_negative","ENPP6"
"GSE11864_Monocyte","immature_negative","ENSA"
"GSE11864_Monocyte","immature_negative","EOLA1"
"GSE11864_Monocyte","immature_negative","EVI2B"
"GSE11864_Monocyte","immature_negative","FAM136A"
"GSE11864_Monocyte","immature_negative","FAM168B"
"GSE11864_Monocyte","immature_negative","FAM174B"
"GSE11864_Monocyte","immature_negative","FAM200B"
"GSE11864_Monocyte","immature_negative","FASTK"
"GSE11864_Monocyte","immature_negative","FLT3"
"GSE11864_Monocyte","immature_negative","FOSL2"
"GSE11864_Monocyte","immature_negative","FXYD6"
"GSE11864_Monocyte","immature_negative","GAB2"
"GSE11864_Monocyte","immature_negative","GABARAPL1"
"GSE11864_Monocyte","immature_negative","GMFG"
"GSE11864_Monocyte","immature_negative","GNB1"
"GSE11864_Monocyte","immature_negative","GOLM1"
"GSE11864_Monocyte","immature_negative","GTPBP4"
"GSE11864_Monocyte","immature_negative","HDDC2"
"GSE11864_Monocyte","immature_negative","HERPUD1"
"GSE11864_Monocyte","immature_negative","HGS"
"GSE11864_Monocyte","immature_negative","HHEX"
"GSE11864_Monocyte","immature_negative","HIC2"
"GSE11864_Monocyte","immature_negative","HIPK2"
"GSE11864_Monocyte","immature_negative","HLX"
"GSE11864_Monocyte","immature_negative","HNRNPA3"
"GSE11864_Monocyte","immature_negative","HNRNPK"
"GSE11864_Monocyte","immature_negative","HNRNPM"
"GSE11864_Monocyte","immature_negative","IFT81"
"GSE11864_Monocyte","immature_negative","IL12A"
"GSE11864_Monocyte","immature_negative","INAVA"
"GSE11864_Monocyte","immature_negative","INPP4B"
"GSE11864_Monocyte","immature_negative","IRAG2"
"GSE11864_Monocyte","immature_negative","ITPK1-AS1"
"GSE11864_Monocyte","immature_negative","IZUMO1"
"GSE11864_Monocyte","immature_negative","JUND"
"GSE11864_Monocyte","immature_negative","KBTBD11"
"GSE11864_Monocyte","immature_negative","KCNMB1"
"GSE11864_Monocyte","immature_negative","KIAA0040"
"GSE11864_Monocyte","immature_negative","KLF13"
"GSE11864_Monocyte","immature_negative","KLHDC4"
"GSE11864_Monocyte","immature_negative","LIN7A"
"GSE11864_Monocyte","immature_negative","LINC00877"
"GSE11864_Monocyte","immature_negative","LINC01127"
"GSE11864_Monocyte","immature_negative","LMNB1"
"GSE11864_Monocyte","immature_negative","LONRF3"
"GSE11864_Monocyte","immature_negative","LRCH4"
"GSE11864_Monocyte","immature_negative","LRRC25"
"GSE11864_Monocyte","immature_negative","LYZ"
"GSE11864_Monocyte","immature_negative","MALT1"
"GSE11864_Monocyte","immature_negative","MAN2C1"
"GSE11864_Monocyte","immature_negative","MAPK7"
"GSE11864_Monocyte","immature_negative","MEGF9"
"GSE11864_Monocyte","immature_negative","MIR1-1HG"
"GSE11864_Monocyte","immature_negative","MTA1"
"GSE11864_Monocyte","immature_negative","MZT2B"
"GSE11864_Monocyte","immature_negative","NAA10"
"GSE11864_Monocyte","immature_negative","NDUFS7"
"GSE11864_Monocyte","immature_negative","NET1"
"GSE11864_Monocyte","immature_negative","NFYC-AS1"
"GSE11864_Monocyte","immature_negative","NME8"
"GSE11864_Monocyte","immature_negative","NOMO3"
"GSE11864_Monocyte","immature_negative","NOP2"
"GSE11864_Monocyte","immature_negative","NSA2"
"GSE11864_Monocyte","immature_negative","NTNG2"
"GSE11864_Monocyte","immature_negative","OGFR"
"GSE11864_Monocyte","immature_negative","OLFML1"
"GSE11864_Monocyte","immature_negative","P2RX1"
"GSE11864_Monocyte","immature_negative","P2RY13"
"GSE11864_Monocyte","immature_negative","P4HA1"
"GSE11864_Monocyte","immature_negative","PABIR3"
"GSE11864_Monocyte","immature_negative","PABPN1"
"GSE11864_Monocyte","immature_negative","PEX16"
"GSE11864_Monocyte","immature_negative","PGM1"
"GSE11864_Monocyte","immature_negative","PHB2"
"GSE11864_Monocyte","immature_negative","PIWIL4"
"GSE11864_Monocyte","immature_negative","PLAAT4"
"GSE11864_Monocyte","immature_negative","PLCB1"
"GSE11864_Monocyte","immature_negative","PLN"
"GSE11864_Monocyte","immature_negative","PMPCB"
"GSE11864_Monocyte","immature_negative","POC1B"
"GSE11864_Monocyte","immature_negative","PRKRA"
"GSE11864_Monocyte","immature_negative","PSMA1"
"GSE11864_Monocyte","immature_negative","PSMD13"
"GSE11864_Monocyte","immature_negative","PTBP2"
"GSE11864_Monocyte","immature_negative","PTK2"
"GSE11864_Monocyte","immature_negative","PTPN18"
"GSE11864_Monocyte","immature_negative","PYM1"
"GSE11864_Monocyte","immature_negative","RAB1B"
"GSE11864_Monocyte","immature_negative","RASGEF1A"
"GSE11864_Monocyte","immature_negative","RASGRP4"
"GSE11864_Monocyte","immature_negative","RBM6"
"GSE11864_Monocyte","immature_negative","RELA"
"GSE11864_Monocyte","immature_negative","RNF139"
"GSE11864_Monocyte","immature_negative","RNLS"
"GSE11864_Monocyte","immature_negative","RPIA"
"GSE11864_Monocyte","immature_negative","RPL12"
"GSE11864_Monocyte","immature_negative","RPL19"
"GSE11864_Monocyte","immature_negative","RPL22"
"GSE11864_Monocyte","immature_negative","RPL35"
"GSE11864_Monocyte","immature_negative","RPL36A"
"GSE11864_Monocyte","immature_negative","RPL37A"
"GSE11864_Monocyte","immature_negative","RPS28"
"GSE11864_Monocyte","immature_negative","RPS3"
"GSE11864_Monocyte","immature_negative","RPS6"
"GSE11864_Monocyte","immature_negative","RPS9"
"GSE11864_Monocyte","immature_negative","RSL24D1"
"GSE11864_Monocyte","immature_negative","RWDD1"
"GSE11864_Monocyte","immature_negative","RYK"
"GSE11864_Monocyte","immature_negative","SAMD4B"
"GSE11864_Monocyte","immature_negative","SERTAD2"
"GSE11864_Monocyte","immature_negative","SESN2"
"GSE11864_Monocyte","immature_negative","SF3B5"
"GSE11864_Monocyte","immature_negative","SLAIN2"
"GSE11864_Monocyte","immature_negative","SLC2A3"
"GSE11864_Monocyte","immature_negative","SLC41A3"
"GSE11864_Monocyte","immature_negative","SLITRK2"
"GSE11864_Monocyte","immature_negative","SMAD2"
"GSE11864_Monocyte","immature_negative","SMAD3"
"GSE11864_Monocyte","immature_negative","SMYD3"
"GSE11864_Monocyte","immature_negative","SNHG32"
"GSE11864_Monocyte","immature_negative","SPI1"
"GSE11864_Monocyte","immature_negative","SRSF5"
"GSE11864_Monocyte","immature_negative","SSH2"
"GSE11864_Monocyte","immature_negative","SSX2IP"
"GSE11864_Monocyte","immature_negative","STEAP4"
"GSE11864_Monocyte","immature_negative","STYXL2"
"GSE11864_Monocyte","immature_negative","SVIL"
"GSE11864_Monocyte","immature_negative","SYNE3"
"GSE11864_Monocyte","immature_negative","TAF9B"
"GSE11864_Monocyte","immature_negative","TAFAZZIN"
"GSE11864_Monocyte","immature_negative","TAGAP"
"GSE11864_Monocyte","immature_negative","TAP2"
"GSE11864_Monocyte","immature_negative","TBC1D1"
"GSE11864_Monocyte","immature_negative","TGFB1"
"GSE11864_Monocyte","immature_negative","THOC5"
"GSE11864_Monocyte","immature_negative","TMC6"
"GSE11864_Monocyte","immature_negative","TMEM87B"
"GSE11864_Monocyte","immature_negative","TP53INP1"
"GSE11864_Monocyte","immature_negative","TPT1"
"GSE11864_Monocyte","immature_negative","TSTD2"
"GSE11864_Monocyte","immature_negative","TXLNGY"
"GSE11864_Monocyte","immature_negative","UBA7"
"GSE11864_Monocyte","immature_negative","UBE2D3"
"GSE11864_Monocyte","immature_negative","UBXN11"
"GSE11864_Monocyte","immature_negative","USP39"
"GSE11864_Monocyte","immature_negative","VCPKMT"
"GSE11864_Monocyte","immature_negative","VPS53"
"GSE11864_Monocyte","immature_negative","ZC3H15"
"GSE11864_Monocyte","immature_negative","ZDHHC3"
"GSE11864_Monocyte","immature_negative","ZNF296"
"GSE11864_Monocyte","immature_negative","ZNF598"
"HPCA_Macrophage","mature_positive","CHI3L1"
"HPCA_Macrophage","mature_positive","SPP1"
"HPCA_Macrophage","mature_positive","CHIT1"
"HPCA_Macrophage","mature_positive","DCSTAMP"
"HPCA_Macrophage","mature_positive","A2M"
"HPCA_Macrophage","mature_positive","APOE"
"HPCA_Macrophage","mature_positive","APOC1"
"HPCA_Macrophage","mature_positive","LPL"
"HPCA_Macrophage","mature_positive","MRC1"
"HPCA_Macrophage","mature_positive","FABP4"
"HPCA_Macrophage","mature_positive","MMP9"
"HPCA_Macrophage","mature_positive","CCL18"
"HPCA_Macrophage","mature_positive","MMP7"
"HPCA_Macrophage","mature_positive","MREG"
"HPCA_Macrophage","mature_positive","GJB2"
"HPCA_Macrophage","mature_positive","CCL22"
"HPCA_Macrophage","mature_positive","GPNMB"
"HPCA_Macrophage","mature_positive","FAM213A"
"HPCA_Macrophage","mature_positive","C1QC"
"HPCA_Macrophage","mature_positive","GPC4"
"HPCA_Macrophage","mature_positive","C1QA"
"HPCA_Macrophage","mature_positive","NR1H3"
"HPCA_Macrophage","mature_positive","SUCNR1"
"HPCA_Macrophage","mature_positive","C1QB"
"HPCA_Macrophage","mature_positive","PLPP3"
"HPCA_Macrophage","mature_positive","SPARC"
"HPCA_Macrophage","mature_positive","CNIH3"
"HPCA_Macrophage","mature_positive","HTRA4"
"HPCA_Macrophage","mature_positive","F3"
"HPCA_Macrophage","mature_positive","GALNT12"
"HPCA_Macrophage","mature_positive","SDC2"
"HPCA_Macrophage","mature_positive","PSD3"
"HPCA_Macrophage","mature_positive","FAIM"
"HPCA_Macrophage","mature_positive","SLAMF8"
"HPCA_Macrophage","mature_positive","CRABP2"
"HPCA_Macrophage","mature_positive","TREM2"
"HPCA_Macrophage","mature_positive","CYP27B1"
"HPCA_Macrophage","mature_positive","ACP5"
"HPCA_Macrophage","mature_positive","DHCR24"
"HPCA_Macrophage","mature_positive","HSD11B1"
"HPCA_Macrophage","mature_positive","MMP12"
"HPCA_Macrophage","mature_positive","EGR2"
"HPCA_Macrophage","mature_positive","NRP1"
"HPCA_Macrophage","mature_positive","SLC38A6"
"HPCA_Macrophage","mature_positive","PTGR1"
"HPCA_Macrophage","mature_positive","C11orf45"
"HPCA_Macrophage","mature_positive","SPRY2"
"HPCA_Macrophage","mature_positive","ATP1B1"
"HPCA_Macrophage","mature_positive","PPARG"
"HPCA_Macrophage","mature_positive","TGM2"
"HPCA_Macrophage","mature_positive","RAB42"
"HPCA_Macrophage","mature_positive","RARRES1"
"HPCA_Macrophage","mature_positive","EMP1"
"HPCA_Macrophage","mature_positive","RASGRP3"
"HPCA_Macrophage","mature_positive","GEM"
"HPCA_Macrophage","mature_positive","GPX3"
"HPCA_Macrophage","mature_positive","CD274"
"HPCA_Macrophage","mature_positive","ZMIZ1-AS1"
"HPCA_Macrophage","mature_positive","ME1"
"HPCA_Macrophage","mature_positive","HOMER1"
"HPCA_Macrophage","mature_positive","CCL2"
"HPCA_Macrophage","mature_positive","SLC28A3"
"HPCA_Macrophage","mature_positive","TCEAL9"
"HPCA_Macrophage","mature_positive","MAPK13"
"HPCA_Macrophage","mature_positive","PIR"
"HPCA_Macrophage","mature_positive","FMNL2"
"HPCA_Macrophage","mature_positive","GDF15"
"HPCA_Macrophage","mature_positive","NDP"
"HPCA_Macrophage","mature_positive","CTSK"
"HPCA_Macrophage","mature_positive","PLTP"
"HPCA_Macrophage","mature_positive","SERPINE1"
"HPCA_Macrophage","mature_positive","CPM"
"HPCA_Macrophage","mature_positive","RGCC"
"HPCA_Macrophage","mature_positive","GM2A"
"HPCA_Macrophage","mature_positive","MSMO1"
"HPCA_Macrophage","mature_positive","VSIG4"
"HPCA_Macrophage","mature_positive","ADAMDEC1"
"HPCA_Macrophage","mature_positive","BHLHE41"
"HPCA_Macrophage","mature_positive","NCEH1"
"HPCA_Macrophage","mature_positive","MCOLN3"
"HPCA_Macrophage","mature_positive","TIE1"
"HPCA_Macrophage","mature_positive","HSD3B7"
"HPCA_Macrophage","mature_positive","CA2"
"HPCA_Macrophage","mature_positive","SPOCD1"
"HPCA_Macrophage","mature_positive","NRIP3"
"HPCA_Macrophage","mature_positive","FBP1"
"HPCA_Macrophage","mature_positive","CCND1"
"HPCA_Macrophage","mature_positive","MSANTD3"
"HPCA_Macrophage","mature_positive","HPGD"
"HPCA_Macrophage","mature_positive","ATL1"
"HPCA_Macrophage","mature_positive","PPIC"
"HPCA_Macrophage","mature_positive","RAB7B"
"HPCA_Macrophage","mature_positive","GAL"
"HPCA_Macrophage","mature_positive","SCG5"
"HPCA_Macrophage","mature_positive","DFNA5"
"HPCA_Macrophage","mature_positive","SLC47A1"
"HPCA_Macrophage","mature_positive","MSC-AS1"
"HPCA_Macrophage","mature_positive","TTC7B"
"HPCA_Macrophage","mature_positive","DHRS11"
"HPCA_Macrophage","mature_positive","ALAS1"
"HPCA_Monocyte","immature_negative","CX3CR1"
"HPCA_Monocyte","immature_negative","S100A12"
"HPCA_Monocyte","immature_negative","VCAN"
"HPCA_Monocyte","immature_negative","PLAC8"
"HPCA_Monocyte","immature_negative","CCR2"
"HPCA_Monocyte","immature_negative","GAPT"
"HPCA_Monocyte","immature_negative","FCN1"
"HPCA_Monocyte","immature_negative","CD93"
"HPCA_Monocyte","immature_negative","F13A1"
"HPCA_Monocyte","immature_negative","FCER1A"
"HPCA_Monocyte","immature_negative","SELL"
"HPCA_Monocyte","immature_negative","RGS18"
"HPCA_Monocyte","immature_negative","TNFSF10"
"HPCA_Monocyte","immature_negative","CFP"
"HPCA_Monocyte","immature_negative","PPBP"
"HPCA_Monocyte","immature_negative","OLIG1"
"HPCA_Monocyte","immature_negative","MPEG1"
"HPCA_Monocyte","immature_negative","MS4A6A"
"HPCA_Monocyte","immature_negative","RGS2"
"HPCA_Monocyte","immature_negative","FAM65B"
"HPCA_Monocyte","immature_negative","HBB"
"HPCA_Monocyte","immature_negative","GIMAP7"
"HPCA_Monocyte","immature_negative","APOBEC3A"
"HPCA_Monocyte","immature_negative","ADGRE1"
"HPCA_Monocyte","immature_negative","VNN2"
"HPCA_Monocyte","immature_negative","ITGA4"
"HPCA_Monocyte","immature_negative","HPSE"
"HPCA_Monocyte","immature_negative","LINC00936"
"HPCA_Monocyte","immature_negative","CD1D"
"HPCA_Monocyte","immature_negative","PID1"
"HPCA_Monocyte","immature_negative","JAML"
"HPCA_Monocyte","immature_negative","NFE2"
"HPCA_Monocyte","immature_negative","IFI44L"
"HPCA_Monocyte","immature_negative","ICAM3"
"HPCA_Monocyte","immature_negative","CD101"
"HPCA_Monocyte","immature_negative","ASGR1"
"HPCA_Monocyte","immature_negative","RARRES3"
"HPCA_Monocyte","immature_negative","PF4"
"HPCA_Monocyte","immature_negative","CYSLTR1"
"HPCA_Monocyte","immature_negative","MTMR11"
"HPCA_Monocyte","immature_negative","P2RY8"
"HPCA_Monocyte","immature_negative","IFITM1"
"HPCA_Monocyte","immature_negative","NOD2"
"HPCA_Monocyte","immature_negative","SORL1"
"HPCA_Monocyte","immature_negative","THBS1"
"HPCA_Monocyte","immature_negative","RNASE2"
"HPCA_Monocyte","immature_negative","SLC40A1"
"HPCA_Monocyte","immature_negative","LGALS2"
"HPCA_Monocyte","immature_negative","AATBC"
"HPCA_Monocyte","immature_negative","TMEM170B"
"HPCA_Monocyte","immature_negative","CARD16"
"HPCA_Monocyte","immature_negative","NR4A2"
"HPCA_Monocyte","immature_negative","TMEM71"
"HPCA_Monocyte","immature_negative","HSPA6"
"HPCA_Monocyte","immature_negative","NLRP3"
"HPCA_Monocyte","immature_negative","ASGR2"
"HPCA_Monocyte","immature_negative","FCAR"
"HPCA_Monocyte","immature_negative","GIMAP6"
"HPCA_Monocyte","immature_negative","LILRA1"
"HPCA_Monocyte","immature_negative","MEF2C"
"HPCA_Monocyte","immature_negative","C10orf54"
"HPCA_Monocyte","immature_negative","EREG"
"HPCA_Monocyte","immature_negative","GIMAP1"
"HPCA_Monocyte","immature_negative","STK17B"
"HPCA_Monocyte","immature_negative","TESC"
"HPCA_Monocyte","immature_negative","TMEM154"
"HPCA_Monocyte","immature_negative","MAP3K1"
"HPCA_Monocyte","immature_negative","MAP3K7CL"
"HPCA_Monocyte","immature_negative","PSMB8-AS1"
"HPCA_Monocyte","immature_negative","RBP7"
"HPCA_Monocyte","immature_negative","SLC46A2"
"HPCA_Monocyte","immature_negative","FPR1"
"HPCA_Monocyte","immature_negative","SLC24A4"
"HPCA_Monocyte","immature_negative","SERPINB2"
"HPCA_Monocyte","immature_negative","S100A8"
"HPCA_Monocyte","immature_negative","TLR5"
"HPCA_Monocyte","immature_negative","NLRP1"
"HPCA_Monocyte","immature_negative","FAM26F"
"HPCA_Monocyte","immature_negative","CXCL10"
"HPCA_Monocyte","immature_negative","NFKBIZ"
"HPCA_Monocyte","immature_negative","NID1"
"HPCA_Monocyte","immature_negative","FGL2"
"HPCA_Monocyte","immature_negative","ZNF467"
"HPCA_Monocyte","immature_negative","KLF2"
"HPCA_Monocyte","immature_negative","FYN"
"HPCA_Monocyte","immature_negative","LILRB2"
"HPCA_Monocyte","immature_negative","FPR2"
"HPCA_Monocyte","immature_negative","P2RY13"
"HPCA_Monocyte","immature_negative","CEBPD"
"HPCA_Monocyte","immature_negative","PROK2"
"HPCA_Monocyte","immature_negative","TRAF3IP3"
"HPCA_Monocyte","immature_negative","HAL"
"HPCA_Monocyte","immature_negative","IFITM2"
"HPCA_Monocyte","immature_negative","FOS"
"HPCA_Monocyte","immature_negative","TLR7"
"HPCA_Monocyte","immature_negative","PELI2"
"HPCA_Monocyte","immature_negative","TSC22D3"
"HPCA_Monocyte","immature_negative","CD69"
"HPCA_Monocyte","immature_negative","TREM1"
