"top_n_final_per_direction","direction","consensus_rank","gene_symbol","consensus_mean_percentile","consensus_worst_source_percentile","GSE5099_rank_in_direction","GSE11864_rank_in_direction","GSE5099_percentile_in_direction","GSE11864_percentile_in_direction","selected_in_GSE5099_individual_top200","selected_in_GSE11864_individual_top200","GSE5099_logFC","GSE11864_logFC","GSE5099_moderated_t","GSE11864_moderated_t"
200,"mature_positive",1,"MRC1",0.000937727800468088,0.000965095705324111,15,18,0.000910359895612065,0.000965095705324111,TRUE,TRUE,4.81310246766667,5.74999272014684,24.7727382709476,29.5039018310009
200,"mature_positive",2,"HS3ST2",0.00140556749904308,0.00157795715239425,26,23,0.00157795715239425,0.00123317784569192,TRUE,TRUE,3.73128864233333,5.88597747529457,22.368977709151,27.7757245642892
200,"mature_positive",3,"ACP5",0.00179800838382355,0.00279177034654367,46,15,0.00279177034654367,0.000804246421103426,TRUE,TRUE,2.740595927,4.82294002545412,19.1108678388625,30.5180605198787
200,"mature_positive",4,"PLD3",0.00234888081864622,0.00257358854753096,35,48,0.00212417308976149,0.00257358854753096,TRUE,TRUE,2.57619715,2.40207203051743,20.8161233970436,23.5850022821231
200,"mature_positive",5,"SIGLEC1",0.00235241793446318,0.0025199721194574,36,47,0.00218486374946896,0.0025199721194574,TRUE,TRUE,2.75063536,4.040334108849,20.7549990094133,23.5957645768234
200,"mature_positive",6,"CD163L1",0.0025067526778692,0.00386038282129645,19,72,0.00115312253444195,0.00386038282129645,TRUE,TRUE,3.40031322766667,3.92188737323781,23.9888004822982,20.2270776400223
200,"mature_positive",7,"C1QC",0.00271116673353182,0.00536164280735617,1,100,6.0690659707471e-05,0.00536164280735617,TRUE,TRUE,5.93266317833333,5.16976529565217,41.7869164660955,17.9475114961556
200,"mature_positive",8,"ATG4C",0.00285004327207267,0.00382351156157067,63,35,0.00382351156157067,0.00187657498257466,TRUE,TRUE,1.88216093866667,5.77660500736281,17.5240668503176,24.999569294186
200,"mature_positive",9,"GPNMB",0.00287926922028792,0.00570492201250228,94,1,0.00570492201250228,5.36164280735617e-05,TRUE,TRUE,2.76930832333334,8.19108043562411,15.336009097094,64.210611961266
200,"mature_positive",10,"SLC18B1",0.00288262736520337,0.00552249209157686,4,103,0.000242762638829884,0.00552249209157686,TRUE,TRUE,4.68463240433333,1.80590950469865,35.9066931267075,17.6126137474973
200,"mature_positive",11,"VAT1",0.00324714065430857,0.00327729562420343,54,60,0.00327729562420343,0.0032169856844137,TRUE,TRUE,2.604203157,2.97035090374057,18.5338900182515,21.3660612913941
200,"mature_positive",12,"TLR7",0.00359713614928558,0.0037628209018632,62,64,0.0037628209018632,0.00343145139670795,TRUE,TRUE,2.26308621083333,2.99332148538448,17.5631425523544,20.9285349119989
200,"mature_positive",13,"RARRES1",0.00385218920802405,0.00600503994423891,28,112,0.00169933847180919,0.00600503994423891,TRUE,TRUE,4.04453343266667,8.16531991782166,22.0816862893732,17.0957393170311
200,"mature_positive",14,"CTSD",0.00387285221210654,0.004771862098547,49,89,0.00297384232566608,0.004771862098547,TRUE,TRUE,2.62800452833334,1.81434297913897,19.0316564919484,18.6450233380206
200,"mature_positive",15,"SPP1",0.00395290752335651,0.00723821778993084,11,135,0.000667597256782181,0.00723821778993084,TRUE,TRUE,4.961424604,5.79364346780959,26.7519906575622,16.2703106328237
200,"mature_positive",16,"BLNK",0.00401508689556284,0.00675566993726878,21,126,0.00127450385385689,0.00675566993726878,TRUE,TRUE,3.32818739233333,4.99078602242145,23.521544127303,16.7036135055831
200,"mature_positive",17,"GNPDA1",0.00428744481346834,0.00594768465133216,98,49,0.00594768465133216,0.00262720497560453,TRUE,TRUE,2.241714083,2.49819700942787,15.2324780669,23.5778367150374
200,"mature_positive",18,"SLC38A6",0.0044486634285494,0.00825392972021606,136,12,0.00825392972021606,0.000643397136882741,TRUE,TRUE,2.14190586733333,3.75954453461342,13.1902076033166,31.5180025092052
200,"mature_positive",19,"RAD51AP1",0.00451810739234851,0.00576561267220975,95,61,0.00576561267220975,0.00327060211248727,TRUE,TRUE,2.317899097,4.64402079566332,15.3198385326245,21.3436710063615
200,"mature_positive",20,"MS4A4A",0.00581700172606371,0.00643320992899193,106,97,0.00643320992899193,0.00520079352313549,TRUE,TRUE,3.305694709,3.05790147195442,14.7489128516148,18.1129502638322
200,"mature_positive",21,"ASRGL1",0.00589369889239823,0.00958912423378042,158,41,0.00958912423378042,0.00219827355101603,TRUE,TRUE,1.77557605433333,2.64726183836982,12.5739780541884,24.5613430490679
200,"mature_positive",22,"LGMN",0.00624406371823561,0.0123808945803241,204,2,0.0123808945803241,0.000107232856147123,FALSE,TRUE,3.00715444866667,7.333526827533,11.4807752074756,63.5214261796866
200,"mature_positive",23,"ABCC5",0.00678880233216136,0.00932925848479974,70,174,0.00424834617952297,0.00932925848479974,TRUE,TRUE,2.6535828895,2.71596761173882,16.7132833253783,15.1768083694281
200,"mature_positive",24,"PCYOX1",0.00679811532707224,0.0128679427376548,12,240,0.000728287916489652,0.0128679427376548,TRUE,FALSE,2.87870330016667,1.95013890549301,25.3575133344291,13.4583016351354
200,"mature_positive",25,"WWP1",0.00741152507590424,0.0117132973235419,193,58,0.0117132973235419,0.00310975282826658,TRUE,TRUE,2.15672694116667,2.23518045421237,11.7488259462699,22.0163529451647
200,"mature_positive",26,"LY96",0.00745862696316314,0.0106815561085149,176,79,0.0106815561085149,0.00423569781781138,TRUE,TRUE,1.970304401,1.48572914344034,12.1584524696283,19.2614005223572
200,"mature_positive",27,"BLVRB",0.00776841583161366,0.00873947777599056,112,163,0.00679735388723675,0.00873947777599056,TRUE,TRUE,2.05937516366667,1.33997017551424,14.2245728173369,15.4536215636128
200,"mature_positive",28,"HEXB",0.0080342592087045,0.010438793469685,172,105,0.010438793469685,0.00562972494772398,TRUE,TRUE,1.37181588666667,1.29179289891139,12.2378899934801,17.4786585296266
200,"mature_positive",29,"KLHDC8B",0.00827964133072909,0.0157096134255536,14,293,0.000849669235904594,0.0157096134255536,TRUE,FALSE,3.69492453766667,1.92599206658977,25.2520334707994,12.3207222653791
200,"mature_positive",30,"SLCO2B1",0.00855572672441042,0.0147445177202295,39,275,0.00236693572859137,0.0147445177202295,TRUE,FALSE,2.83354105188889,6.08967783271681,20.3380634506267,12.6811671948988
200,"mature_positive",31,"DNASE2",0.00858029617517024,0.0111522170393008,99,208,0.00600837531103963,0.0111522170393008,TRUE,FALSE,2.301572819,1.42059599531772,15.1922265554604,14.2934047034223
200,"mature_positive",32,"VWA5A",0.00887294776629786,0.00964981489348789,159,151,0.00964981489348789,0.00809608063910782,TRUE,TRUE,1.77363224616667,2.54441095783569,12.5408624781116,15.7311839771631
200,"mature_positive",33,"NTAN1",0.00929088712351775,0.0159009528433574,262,50,0.0159009528433574,0.00268082140367809,FALSE,TRUE,1.759877139,2.44278073414711,10.309118601703,23.2936653817216
200,"mature_positive",34,"PLTP",0.00953813867795894,0.018712133397673,6,349,0.000364143958244826,0.018712133397673,TRUE,FALSE,4.27353542833333,4.54346088811983,30.3886165096076,11.3230130631841
200,"mature_positive",35,"DMXL1",0.00955189503225165,0.0157795715239425,260,62,0.0157795715239425,0.00332421854056083,FALSE,TRUE,1.6106854615,3.16519731278758,10.3826565448421,21.1290030887632
200,"mature_positive",36,"CTSB",0.00957014030215566,0.0151726649268678,250,74,0.0151726649268678,0.00396761567744357,FALSE,TRUE,1.68447814291667,1.56876468828405,10.4636782053077,19.600377769271
200,"mature_positive",37,"DAB2",0.00976450270118667,0.0129878011773988,214,122,0.0129878011773988,0.00654120422497453,FALSE,TRUE,1.913178302,4.17000615124385,11.2851065311069,16.8583312623973
200,"mature_positive",38,"EPAS1",0.00984697574661511,0.0125629665594465,207,133,0.0125629665594465,0.00713098493378371,FALSE,TRUE,1.178164403,4.5704382091676,11.4021907618508,16.3242436045389
200,"mature_positive",39,"TREM2",0.0105501231324683,0.0200279177034654,330,20,0.0200279177034654,0.00107232856147123,FALSE,TRUE,2.21353824133333,8.56075218372483,9.35165948709967,29.1340011658276
200,"mature_positive",40,"MFHAS1",0.0105722976271644,0.0168355584150984,71,314,0.00430903683923044,0.0168355584150984,TRUE,FALSE,2.21036140883334,1.93718916233925,16.6967394924991,11.8526127845285
200,"mature_positive",41,"LXN",0.0106340848903956,0.0200886083631729,331,22,0.0200886083631729,0.00117956141761836,FALSE,TRUE,2.08131936933333,4.48437234000495,9.34530094353478,27.8292997505249
200,"mature_positive",42,"TMEM140",0.0109031074415004,0.0127450385385689,210,169,0.0127450385385689,0.00906117634443193,FALSE,TRUE,1.64104226,3.76896080093945,11.3409349130846,15.2541861355855
200,"mature_positive",43,"CD59",0.0109948934818397,0.0131896413060962,145,246,0.0088001456575833,0.0131896413060962,TRUE,FALSE,1.84097410354167,2.56559723178018,12.8425592389857,13.3539073905998
200,"mature_positive",44,"CRYZ",0.0111380571869757,0.0137794220149054,140,257,0.00849669235904594,0.0137794220149054,TRUE,FALSE,1.88903898033333,1.71353124075293,13.0021348709887,13.1033301196136
200,"mature_positive",45,"MSR1",0.0112620466005279,0.0151198327167444,122,282,0.00740426048431146,0.0151198327167444,TRUE,FALSE,2.48892522708333,3.29814599454058,13.718662386916,12.5250244231032
200,"mature_positive",46,"FCGRT",0.0112687401122441,0.0139588517327183,230,160,0.0139588517327183,0.00857862849176988,FALSE,TRUE,1.43293098,1.23494719410213,10.7921270012433,15.4827744654772
200,"mature_positive",47,"CD99",0.0113433888752605,0.0175396006554591,289,96,0.0175396006554591,0.00514717709506193,FALSE,TRUE,1.16564748,1.34637412495189,9.87103742446671,18.1282670565666
200,"mature_positive",48,"ATP8B4",0.0115452062258432,0.0140475041552732,149,262,0.00904290829641318,0.0140475041552732,TRUE,FALSE,2.376884405,1.57891458916403,12.7423414466282,13.0204000390959
200,"mature_positive",49,"TIMP2",0.0118367384353323,0.0145050676700856,239,171,0.0145050676700856,0.00916840920057906,FALSE,TRUE,1.68256439783333,1.30135299790797,10.6311932180005,15.2106839941407
200,"mature_positive",50,"MAF",0.0118399176093463,0.0201597769556592,58,376,0.00352005826303332,0.0201597769556592,TRUE,FALSE,3.00566955211111,3.73518941220493,17.8701106694341,10.9449312210255
200,"mature_positive",51,"ACOT13",0.0119037532758956,0.0188747951690235,311,92,0.0188747951690235,0.00493271138276768,FALSE,TRUE,1.824870213,3.0544501858604,9.56834346104727,18.452062053104
200,"mature_positive",52,"NPL",0.0120714864317913,0.0222127814529344,366,36,0.0222127814529344,0.00193019141064822,FALSE,TRUE,1.39013670977778,2.83626526942099,8.97266534321919,24.885919199692
200,"mature_positive",53,"GLMP",0.0122126245117239,0.01956999624685,80,365,0.00485525277659768,0.01956999624685,TRUE,FALSE,2.61517287733333,1.71010492303354,16.1139592180434,11.0847355945482
200,"mature_positive",54,"CNRIP1",0.0123168799428733,0.0207495576644684,64,387,0.00388420222127815,0.0207495576644684,TRUE,FALSE,3.38649482566667,6.47611025628046,17.2828320060751,10.8056557817556
200,"mature_positive",55,"CTSL",0.012446241737487,0.0231231413485465,381,33,0.0231231413485465,0.00176934212642754,FALSE,TRUE,2.31285319366667,3.11764633329264,8.8348919638021,25.3140880508951
200,"mature_positive",56,"BRI3BP",0.0125300359135702,0.0161385448501421,147,301,0.00892152697699824,0.0161385448501421,TRUE,FALSE,1.79115659433334,1.40608498390922,12.7924424337637,12.1043187065682
200,"mature_positive",57,"TSPAN4",0.0125790072332457,0.0232159133558522,32,433,0.00194210111063907,0.0232159133558522,TRUE,FALSE,3.62174726416667,1.18821735506636,21.1864066062409,10.3523079528812
200,"mature_positive",58,"IDH1",0.0126892061253331,0.0137258055868318,192,256,0.0116526066638344,0.0137258055868318,TRUE,FALSE,1.53975243,1.61123205014664,11.7817351444217,13.1131051976957
200,"mature_positive",59,"SCD",0.012805001925613,0.0133504905903169,202,249,0.0122595132609091,0.0133504905903169,FALSE,FALSE,1.50005821466667,3.79690105650554,11.5468778630317,13.2666023743465
200,"mature_positive",60,"SLC17A5",0.0128355376154256,0.0165674762747306,150,309,0.00910359895612065,0.0165674762747306,TRUE,FALSE,1.97258322333333,2.33761826104015,12.7415525360254,11.9255446519189
200,"mature_positive",61,"LAMP1",0.0131678475313178,0.0170500241273926,153,318,0.00928567093524307,0.0170500241273926,TRUE,FALSE,1.73407478341667,1.21173198785919,12.6619117817175,11.708011710854
200,"mature_positive",62,"TLR5",0.0131736120213544,0.0144443770103781,238,222,0.0144443770103781,0.0119028470323307,FALSE,FALSE,1.76378901633333,1.50121179289657,10.6329574599007,13.9476273049382
200,"mature_positive",63,"RNASE1",0.0131791975404895,0.0140802330521333,232,229,0.0140802330521333,0.0122781620288456,FALSE,FALSE,1.596065859,4.53012131028131,10.7464044944431,13.7901140074889
200,"mature_positive",64,"RNF13",0.0134902733724226,0.0226376160708867,373,81,0.0226376160708867,0.0043429306739585,FALSE,TRUE,1.19917448833334,1.39286436606262,8.89759471817303,19.1741007785202
200,"mature_positive",65,"LACTB2",0.0135796416785834,0.0168113127389695,277,193,0.0168113127389695,0.0103479706181974,FALSE,TRUE,1.41415995683333,2.41275319297733,10.0098355831984,14.5485836247559
200,"mature_positive",66,"ABCA1",0.0136878149454676,0.0179078869765696,156,334,0.00946774291436548,0.0179078869765696,TRUE,FALSE,1.77447356411111,1.90494500018143,12.6003424401624,11.527540423852
200,"mature_positive",67,"SLC39A10",0.013814960754919,0.0148692116283304,245,238,0.0148692116283304,0.0127607098815077,FALSE,FALSE,2.08022935766667,2.24441647703561,10.563215904982,13.521327815257
200,"mature_positive",68,"SLC7A8",0.0139517888901418,0.0190568671481459,314,165,0.0190568671481459,0.00884671063213769,FALSE,TRUE,2.0148941574,4.61411445929016,9.52727573919825,15.3972895099905
200,"mature_positive",69,"ECM1",0.0141781756914843,0.0142016143715482,234,264,0.0142016143715482,0.0141547370114203,FALSE,FALSE,1.489227711,2.55230545818017,10.6909763949678,12.9714258347255
200,"mature_positive",70,"IFI16",0.0142083306613791,0.0174789099957517,288,204,0.0174789099957517,0.0109377513270066,FALSE,FALSE,1.70607254166667,1.45079033737036,9.88333891012417,14.402142401445
200,"mature_positive",71,"SLC40A1",0.014331592802268,0.0256286526191625,50,478,0.00303453298537355,0.0256286526191625,TRUE,FALSE,2.654892397,1.6329618560692,19.0241835622143,9.80722267737942
200,"mature_positive",72,"APOC1",0.0143837205178427,0.0262184333279717,42,489,0.00254900770771378,0.0262184333279717,TRUE,FALSE,3.513636651,3.12537422070155,19.815923898738,9.6888123571031
200,"mature_positive",73,"CPM",0.0143850188703827,0.0225188997908959,103,420,0.00625113794986952,0.0225188997908959,TRUE,FALSE,1.826391523375,2.27670811252828,14.8143009490669,10.4147688911628
200,"mature_positive",74,"ZFYVE26",0.0145417485698525,0.0245797171815258,405,84,0.0245797171815258,0.00450377995817919,FALSE,TRUE,1.671588376,2.52619327765123,8.59135316193358,18.9201072363523
200,"mature_positive",75,"LY9",0.0148154162293553,0.0242155732232809,399,101,0.0242155732232809,0.00541525923542974,FALSE,TRUE,1.13627526533333,4.78753004018651,8.64676782489021,17.8565498076083
200,"mature_positive",76,"RRAGD",0.0148919572029031,0.0254141869068683,72,474,0.00436972749893791,0.0254141869068683,TRUE,FALSE,2.81015185266667,1.11687284332141,16.6949913678623,9.83255757744241
200,"mature_positive",77,"RPS6KA2",0.0149675235985418,0.0180858165928264,298,221,0.0180858165928264,0.0118492306042571,FALSE,FALSE,1.51986745283333,2.68918433046556,9.70664433581494,14.0160599903934
200,"mature_positive",78,"PLAU",0.0150038465565057,0.02739799474559,43,511,0.00260969836742125,0.02739799474559,TRUE,FALSE,2.67812505333333,3.22967825531031,19.8026288723232,9.48209744167866
200,"mature_positive",79,"SMS",0.015009051355723,0.0213393383732776,143,398,0.00867876433816836,0.0213393383732776,TRUE,FALSE,1.82353461833333,0.967908253517007,12.8869435409957,10.6762011305142
200,"mature_positive",80,"PLPP3",0.0151905408659114,0.0274321781877769,452,55,0.0274321781877769,0.0029489035440459,FALSE,TRUE,1.94144721666667,6.96057976333553,8.19034235340609,22.3367577162082
200,"mature_positive",81,"SPIRE1",0.0153136012577841,0.0249438611397706,411,106,0.0249438611397706,0.00568334137579754,FALSE,TRUE,1.73446444616667,2.95048452598676,8.54426252116768,17.4100299864495
200,"mature_positive",82,"LYPLAL1",0.0154193681795471,0.023859310492735,115,445,0.00697942586635917,0.023859310492735,TRUE,FALSE,1.63456595333333,2.02556428769585,14.0874989584632,10.1894319886597
200,"mature_positive",83,"CTSA",0.0154675894484445,0.0268082140367809,68,500,0.00412696486010803,0.0268082140367809,TRUE,FALSE,2.25238511333333,0.790635649527674,16.9263873292477,9.60016349718581
200,"mature_positive",84,"CD180",0.0154863602419956,0.0288280633610487,475,40,0.0288280633610487,0.00214465712294247,FALSE,TRUE,1.07755908133333,3.35794288543505,8.03018060638997,24.5884794040427
200,"mature_positive",85,"PTER",0.0155064863333736,0.0174789555519811,223,326,0.013534017114766,0.0174789555519811,FALSE,FALSE,1.380408506,1.56723477253786,10.9332061637931,11.572814640524
200,"mature_positive",86,"SNX6",0.0156421950869578,0.0195423924258057,322,219,0.0195423924258057,0.01174199774811,FALSE,FALSE,1.37583387516667,1.17987814428616,9.42328612972696,14.0363863293984
200,"mature_positive",87,"ACP2",0.0159823178962047,0.0244583358621108,403,140,0.0244583358621108,0.00750629993029864,FALSE,TRUE,1.214468681,2.4840550378349,8.59496583543225,16.1026315333798
200,"mature_positive",88,"NAGK",0.0159901307895594,0.0291922073192936,481,52,0.0291922073192936,0.00278805425982521,FALSE,TRUE,1.12550560333334,1.81846560067592,7.99716445301328,22.9929723325241
200,"mature_positive",89,"TMEM86A",0.0161258737103158,0.0232695297839258,148,434,0.00898221763670571,0.0232695297839258,TRUE,FALSE,1.56231300088889,2.4470002728228,12.7806046761521,10.3363265885603
200,"mature_positive",90,"HACD3",0.0162586164279597,0.0272371454613694,87,508,0.00528008739454998,0.0272371454613694,TRUE,FALSE,1.88556615972222,1.27555508219879,15.5572034897753,9.51036052004928
200,"mature_positive",91,"GPR34",0.016344592422033,0.0311343084299326,513,29,0.0311343084299326,0.00155487641413329,FALSE,TRUE,3.547628618,3.95542469378756,7.66850716622603,25.6776987980138
200,"mature_positive",92,"SLC46A3",0.0163972798284269,0.0297384232566608,490,57,0.0297384232566608,0.00305613640019302,FALSE,TRUE,2.357813413,2.63639183284705,7.86469060204387,22.2182681328465
200,"mature_positive",93,"ENOSF1",0.0165510776591284,0.0209640233767626,200,391,0.0121381319414942,0.0209640233767626,TRUE,FALSE,1.70452141575,2.94256985175023,11.6193564163013,10.7338991151346
200,"mature_positive",94,"APPL2",0.0166722686185845,0.0177470376923489,257,331,0.0155974995448201,0.0177470376923489,FALSE,FALSE,2.50351928966667,1.70112157888493,10.4358926462376,11.5600138529651
200,"mature_positive",95,"OLFML2B",0.0166955169386896,0.0330157188808642,544,7,0.0330157188808642,0.000375314996514932,FALSE,TRUE,1.26148344466667,6.17931377362755,7.4019243369944,35.9368499744586
200,"mature_positive",96,"CMKLR1",0.0168614034402834,0.0248224798203556,409,166,0.0248224798203556,0.00890032706021125,FALSE,TRUE,1.63346036883333,4.47178538455379,8.54770237568153,15.3961864899572
200,"mature_positive",97,"GRN",0.0169297394115014,0.0184440512573052,254,344,0.0154154275656976,0.0184440512573052,FALSE,FALSE,1.26717753666667,0.805452557617079,10.441462194565,11.4022523548701
200,"mature_positive",98,"FCHO2",0.0170652805832416,0.0269690633210016,118,503,0.00716149784548158,0.0269690633210016,TRUE,FALSE,2.13129141266667,1.4777199500369,13.8669492468726,9.559439350697
200,"mature_positive",99,"TSHZ1",0.017106785562308,0.0189802155380409,251,354,0.0152333555865752,0.0189802155380409,FALSE,FALSE,1.17174060783333,1.27269134940446,10.4631010673818,11.2606343097714
200,"mature_positive",100,"RNASE6",0.0171438130148206,0.0305880924925654,504,69,0.0305880924925654,0.00369953353707576,FALSE,TRUE,1.05467166,1.44819768420312,7.73395490514731,20.4407530708578
200,"mature_positive",101,"MGAT4A",0.017219984657508,0.0260039676156774,139,485,0.00843600169933847,0.0260039676156774,TRUE,FALSE,1.95032433233334,1.88966367161711,13.0630352248441,9.73826269043858
200,"mature_positive",102,"PLBD2",0.0173002075506021,0.0203920616617103,336,265,0.0203920616617103,0.0142083534394939,FALSE,FALSE,1.43585200433333,1.97835178421641,9.31104092237956,12.9659387159043
200,"mature_positive",103,"GPR82",0.0174457889899164,0.0219700188141045,362,241,0.0219700188141045,0.0129215591657284,FALSE,FALSE,1.658265791,5.28963547531626,9.02186383308062,13.4558714715026
200,"mature_positive",104,"SDS",0.0175379671392309,0.0322234732722106,47,601,0.00285246100625114,0.0322234732722106,TRUE,FALSE,3.24475759933333,3.55677867320556,19.074974807184,8.74488041543399
200,"mature_positive",105,"MPP1",0.0176019703876243,0.032469502943497,535,51,0.032469502943497,0.00273443783175165,FALSE,TRUE,1.12382763666667,1.82722550438898,7.48204679044231,23.2507365286136
200,"mature_positive",106,"CDK4",0.0179583128415719,0.0197244644049281,325,302,0.0197244644049281,0.0161921612782156,FALSE,FALSE,1.469316391,1.4148081527226,9.39776175666726,12.0735559289433
200,"mature_positive",107,"PAQR8",0.0180914248900762,0.0183285792316562,302,333,0.0183285792316562,0.0178542705484961,FALSE,FALSE,1.38643906533333,2.11485629476388,9.64506468306902,11.5411748831601
200,"mature_positive",108,"DENND2D",0.0184477673440237,0.0313119939949601,92,584,0.00558354069308733,0.0313119939949601,TRUE,FALSE,1.98711316866667,1.61509831066017,15.410081042984,8.89361454796944
200,"mature_positive",109,"CCL18",0.0187737303009454,0.0189961764884384,313,346,0.0189961764884384,0.0185512841134524,FALSE,FALSE,1.18942367083333,3.91874959629281,9.56193712084636,11.3674611000786
200,"mature_positive",110,"SLC29A3",0.0188470921004792,0.0275588440298107,167,514,0.0101353401711477,0.0275588440298107,TRUE,FALSE,1.95841205333333,1.654412422911,12.3726133392791,9.4587628283309
200,"mature_positive",111,"FNIP2",0.0189557908910104,0.0280997754445591,463,183,0.0280997754445591,0.0098118063374618,FALSE,TRUE,1.23801312566667,1.68719612725669,8.11942943659006,14.7776880426073
200,"mature_positive",112,"CTSK",0.0191263452791171,0.0288456383035762,155,538,0.00940705225465801,0.0288456383035762,TRUE,FALSE,1.93684448366667,1.94088570746236,12.6074698212893,9.26807665366479
200,"mature_positive",113,"AP2A2",0.0192043294089342,0.0250045517994781,412,250,0.0250045517994781,0.0134041070183904,FALSE,FALSE,1.22053466658334,2.02366508585213,8.53556438170008,13.2369073019525
200,"mature_positive",114,"NUPR1",0.0194905006264193,0.0375851160795668,23,701,0.00139588517327183,0.0375851160795668,TRUE,FALSE,3.080857217,4.49066499332398,23.1673339614859,7.96175553863124
200,"mature_positive",115,"CD81",0.0195686523380806,0.0312556897493476,515,147,0.0312556897493476,0.00788161492681358,FALSE,TRUE,0.918514563333335,1.66745482202718,7.62952374240456,15.781241269157
200,"mature_positive",116,"MDH1",0.0198570281516705,0.0302239485343206,498,177,0.0302239485343206,0.00949010776902043,FALSE,TRUE,1.04703499333334,1.24641914605791,7.80922101797176,14.9921381155908
200,"mature_positive",117,"NRP1",0.0198944704912729,0.0268618304648544,213,501,0.0129271105176913,0.0268618304648544,FALSE,FALSE,1.66981112322222,4.04847534828518,11.3070100670112,9.57571950982814
200,"mature_positive",118,"STAB1",0.0199190285529753,0.0253080050980154,417,271,0.0253080050980154,0.0145300520079352,FALSE,FALSE,1.01917531166667,1.95217326833829,8.47482975042314,12.844094903762
200,"mature_positive",119,"BEX3",0.0200849264436266,0.0317945418476221,138,593,0.008375311039631,0.0317945418476221,TRUE,FALSE,2.618830952,2.12841233315107,13.0944371285718,8.82796877261853
200,"mature_positive",120,"GRAMD4",0.0201636720132792,0.0292209533000911,183,545,0.0111063907264672,0.0292209533000911,TRUE,FALSE,1.68524705,2.24865194072571,12.0088962911234,9.18481951238116
200,"mature_positive",121,"CD209",0.0202880421467492,0.0369953353707576,59,690,0.00358074892274079,0.0369953353707576,TRUE,FALSE,2.43604803233333,2.43541705247628,17.7281741653748,8.02668861074451
200,"mature_positive",122,"TCEAL9",0.0203075516020211,0.0328943375614493,542,144,0.0328943375614493,0.00772076564259289,FALSE,TRUE,2.05133470866667,3.59120793151531,7.41228261641413,15.9293813081288
200,"mature_positive",123,"FABP4",0.0203367889392937,0.0260362930145051,429,273,0.0260362930145051,0.0146372848640824,FALSE,FALSE,1.138137133,6.01780902172408,8.36611560738801,12.6999454516216
200,"mature_positive",124,"MCOLN1",0.0205996776695016,0.029971583293121,185,559,0.0112277720458821,0.029971583293121,TRUE,FALSE,1.60696278333334,1.49250302453108,12.0028561269322,9.05635364490755
200,"mature_positive",125,"ITGB5",0.0207592286011823,0.0339928153986381,124,634,0.00752564180372641,0.0339928153986381,TRUE,FALSE,1.65083986383333,3.20725540264263,13.5776554375937,8.47339269985311
200,"mature_positive",126,"CYBRD1",0.0209156117479064,0.0357621575250657,100,667,0.0060690659707471,0.0357621575250657,TRUE,FALSE,1.8822953455,1.04668279611506,15.1595081701154,8.20813375592349
200,"mature_positive",127,"GPR137B",0.0209902263437507,0.0358681798871154,591,114,0.0358681798871154,0.00611227280038604,FALSE,TRUE,1.09664407366667,2.4103995182181,7.07835558810283,17.0650257802795
200,"mature_positive",128,"SETDB2",0.0211812419869236,0.030406020513443,501,223,0.030406020513443,0.0119564634604043,FALSE,FALSE,1.26653244625,2.32379060389233,7.79255874635413,13.8865781859884
200,"mature_positive",129,"SLC26A11",0.0212333697024983,0.0299204952357832,493,234,0.0299204952357832,0.0125462441692134,FALSE,FALSE,1.291854883,1.66761961705731,7.83989147804701,13.6645581894233
200,"mature_positive",130,"NR1H3",0.0213560835416254,0.0350651439601094,126,654,0.00764702312314135,0.0350651439601094,TRUE,FALSE,2.65718830933334,1.59392618675749,13.5371151994676,8.32161551796635
200,"mature_positive",131,"MMP9",0.0217667241400804,0.0432117497117194,712,6,0.0432117497117194,0.00032169856844137,FALSE,TRUE,0.741561683333334,4.79613551812971,6.38657229526259,41.1669161483113
200,"mature_positive",132,"FABP3",0.02196818354886,0.0236693572859137,390,378,0.0236693572859137,0.0202670098118063,FALSE,FALSE,1.065301236,4.88337359036431,8.74679248767033,10.9135529842144
200,"mature_positive",133,"NRP2",0.0230855655942721,0.0231086804997051,380,431,0.023062450688839,0.0231086804997051,FALSE,FALSE,1.0256696324,4.09233915191268,8.84539401878835,10.3624268418376
200,"mature_positive",134,"CRHBP",0.0233158702313492,0.0347970618197416,195,649,0.0118346786429568,0.0347970618197416,TRUE,FALSE,1.64678931933333,4.05840260304761,11.7216321499805,8.38476308999744
200,"mature_positive",135,"IGF2R",0.0233806349195781,0.0285853007222189,471,339,0.0285853007222189,0.0181759691169374,FALSE,FALSE,1.18423961466667,1.2940575592774,8.04861285080491,11.5082703625315
200,"mature_positive",136,"ADAMDEC1",0.0235634341713639,0.0423013898161073,697,90,0.0423013898161073,0.00482547852662056,FALSE,TRUE,1.46105639333333,4.16920166309382,6.47057467879314,18.5575888729312
200,"mature_positive",137,"CREG1",0.0235995781584263,0.0258967347595303,351,483,0.0213024215573223,0.0258967347595303,FALSE,FALSE,1.07010670333333,0.807392696616856,9.10673911448709,9.77495958578456
200,"mature_positive",138,"CD163",0.0236935687948705,0.0399344540875159,658,139,0.0399344540875159,0.00745268350222508,FALSE,TRUE,1.222874872,1.61927609700509,6.71186815278208,16.1555995208927
200,"mature_positive",139,"GM2A",0.0239132962516689,0.0455203474344539,38,849,0.0023062450688839,0.0455203474344539,TRUE,FALSE,2.97320467341667,0.862743948729674,20.546479659847,7.23252045624624
200,"mature_positive",140,"HGF",0.0240397033993997,0.0449841831537183,51,839,0.00309522364508102,0.0449841831537183,TRUE,FALSE,2.38601461413333,1.46188080877109,18.8580562254482,7.28457370227069
200,"mature_positive",141,"TDP2",0.0242971172470298,0.0466104266553377,768,37,0.0466104266553377,0.00198380783872178,FALSE,TRUE,0.995410936666667,2.32264816980423,6.13458487293869,24.7717634548217
200,"mature_positive",142,"EPHX1",0.0243260308096715,0.0461637445713367,41,861,0.00248831704800631,0.0461637445713367,TRUE,FALSE,3.24942698966667,1.16329622084681,19.905007037707,7.18274140918861
200,"mature_positive",143,"PEBP1",0.0246877456446805,0.0393008417779208,166,733,0.0100746495114402,0.0393008417779208,TRUE,FALSE,2.26948433511111,1.00017940821422,12.4211233745046,7.80905968600128
200,"mature_positive",144,"ADORA3",0.0247320262997284,0.0310736177702252,512,343,0.0310736177702252,0.0183904348292317,FALSE,FALSE,2.29341765783333,3.04070045921564,7.68166203469798,11.4033639322323
200,"mature_positive",145,"GON7",0.0248941967146038,0.0324915554125784,285,606,0.0172968380166292,0.0324915554125784,FALSE,FALSE,0.974582298000001,1.14163573316282,9.92875498360754,8.71969469249644
200,"mature_positive",146,"FUNDC1",0.0251797854631549,0.0382821296445231,199,714,0.0120774412817867,0.0382821296445231,TRUE,FALSE,1.405606267,1.41953835591432,11.6470455059245,7.9112006994564
200,"mature_positive",147,"NPC2",0.0253958960807348,0.035564726588578,586,284,0.035564726588578,0.0152270655728915,FALSE,FALSE,0.758659406666669,0.922935586291809,7.13931763806578,12.4933031154589
200,"mature_positive",148,"ZNF112",0.0254551208060581,0.0331885689775347,292,619,0.0177216726345815,0.0331885689775347,FALSE,FALSE,1.05024711533333,3.52462808547614,9.85070048883661,8.58413571897975
200,"mature_positive",149,"C1QB",0.0254676015859256,0.0389791432094794,197,727,0.0119560599623718,0.0389791432094794,TRUE,FALSE,3.26628030566667,1.48514381845315,11.6688497903809,7.85312888513708
200,"mature_positive",150,"LINC00865",0.0255729536205987,0.0266431996115798,439,457,0.0266431996115798,0.0245027076296177,FALSE,FALSE,0.788555716,2.51708088851414,8.28331681274501,10.0377363325659
200,"mature_positive",151,"SGMS1",0.0256446021805027,0.0467318079747527,770,85,0.0467318079747527,0.00455739638625275,FALSE,TRUE,1.69387906466667,1.98391294552605,6.13088073647422,18.7972520154389
200,"mature_positive",152,"ACSL3",0.0256948832417756,0.0347150573526734,572,311,0.0347150573526734,0.0166747091308777,FALSE,FALSE,1.02106269388889,1.97761397744486,7.24678002679252,11.8820671549536
200,"mature_positive",153,"GAS6",0.0264232053254373,0.0428931424588494,164,800,0.00995326819202525,0.0428931424588494,TRUE,FALSE,2.29952975933334,2.32603271551738,12.4639407430715,7.48690298813007
200,"mature_positive",154,"CYFIP1",0.0264283759574825,0.0422406991563998,696,198,0.0422406991563998,0.0106160527585652,FALSE,TRUE,0.742661566666666,1.56905412250784,6.47714497162239,14.4819811065812
200,"mature_positive",155,"SEPHS2",0.026531690977895,0.0486132184256843,801,83,0.0486132184256843,0.00445016353010562,FALSE,TRUE,1.161945771,1.80649568623937,6.02481241437741,18.9790184726148
200,"mature_positive",156,"PRKACB",0.0266471743926013,0.0500777438207067,53,934,0.00321660496449596,0.0500777438207067,TRUE,FALSE,2.54259012025,1.11036866013165,18.7620054751804,6.86708516995804
200,"mature_positive",157,"MANEA",0.0269990279309376,0.0475041552731757,107,886,0.0064939005886994,0.0475041552731757,TRUE,FALSE,1.22466401633333,2.23296915171442,14.7188937709544,7.03357978403461
200,"mature_positive",158,"A2M",0.0271509335511077,0.0419816631815988,203,783,0.0123202039206166,0.0419816631815988,FALSE,FALSE,4.15452428366666,2.88897515180209,11.4864163386923,7.57589562264338
200,"mature_positive",159,"FCGR2B",0.0272947903617349,0.0515870607513504,850,56,0.0515870607513504,0.00300251997211946,FALSE,TRUE,0.898683175333334,3.66828752239723,5.83565679889189,22.2806700765679
200,"mature_positive",160,"PIR",0.0273288631673645,0.0484918371062693,799,115,0.0484918371062693,0.0061658892284596,FALSE,TRUE,1.057586844,5.55846511774045,6.02887465629506,17.030474720416
200,"mature_positive",161,"OSBPL1A",0.0276346121744656,0.0535091952174146,29,998,0.00176002913151666,0.0535091952174146,TRUE,FALSE,3.00100466083333,1.13409450958237,21.6963792687243,6.61099825974807
200,"mature_positive",162,"HSPB1",0.027696567019541,0.0318019056867148,524,440,0.0318019056867148,0.0235912283523672,FALSE,FALSE,1.24207167366667,1.96080407606703,7.58726862195353,10.2602406933616
200,"mature_positive",163,"IGSF6",0.0278229741672717,0.0325908842629119,537,430,0.0325908842629119,0.0230550640716315,FALSE,FALSE,0.975390313666668,1.14178339720643,7.47442972878712,10.3673155995737
200,"mature_positive",164,"KIFAP3",0.028122498241017,0.0483097651271469,796,148,0.0483097651271469,0.00793523135488714,FALSE,TRUE,0.898892232333334,2.66772321355462,6.04015315944178,15.7781143399767
200,"mature_positive",165,"HSD17B14",0.0282457831600207,0.0401050881990242,270,748,0.0163864781210172,0.0401050881990242,FALSE,FALSE,1.36845042533333,3.00992939395555,10.1289684090971,7.75170524941547
200,"mature_positive",166,"CTSV",0.0282941720107622,0.0287920218755027,458,537,0.0277963221460217,0.0287920218755027,FALSE,FALSE,1.09036568,2.32628365819333,8.13923476152789,9.26986261729704
200,"mature_positive",167,"ABHD3",0.0284704681107907,0.0317412150270073,523,470,0.0317412150270073,0.025199721194574,FALSE,FALSE,1.049920462,0.889266320272422,7.58741001072195,9.88304487904915
200,"mature_positive",168,"IFIT1",0.028632604358494,0.0441828002670389,728,244,0.0441828002670389,0.0130824084499491,FALSE,FALSE,1.167557177,2.82937249219374,6.30065218622639,13.392663212649
200,"mature_positive",169,"SLC27A1",0.0286704274180141,0.0368881025146105,337,688,0.0204527523214177,0.0368881025146105,FALSE,FALSE,1.76651237333333,1.0970002215753,9.30008861534062,8.03739498331902
200,"mature_positive",170,"NCEH1",0.0287260466931763,0.0549857376949687,906,46,0.0549857376949687,0.00246635569138384,FALSE,TRUE,0.603762308666667,2.70095796184189,5.65084861919115,23.6129002571746
200,"mature_positive",171,"MGME1",0.0289757387599107,0.0341000482547853,393,636,0.0238514292650361,0.0341000482547853,FALSE,FALSE,1.641994714,1.05548039954561,8.7341043150591,8.45105328884131
200,"mature_positive",172,"GALM",0.0290420377168679,0.0519543188032813,101,969,0.00612975663045457,0.0519543188032813,TRUE,FALSE,2.55580510066667,1.48859063503031,14.9556831226896,6.72721700476681
200,"mature_positive",173,"CD14",0.0293443374665947,0.0347757480123809,573,446,0.0347757480123809,0.0239129269208085,FALSE,FALSE,0.806821266666668,0.663877088612937,7.2353842692506,10.1758732825674
200,"mature_positive",174,"ZSCAN26",0.0295120820115478,0.0296498847246796,484,553,0.029374279298416,0.0296498847246796,FALSE,FALSE,1.062914807,2.71632690457871,7.95839846300157,9.11916751096566
200,"mature_positive",175,"LILRB5",0.0295476776968483,0.0585491394563294,9,1092,0.000546215937367239,0.0585491394563294,TRUE,FALSE,4.153243732,3.51899483083565,28.8922675763874,6.27908512469924
200,"mature_positive",176,"KIAA0930",0.0296557940184456,0.0368999211021424,608,418,0.0368999211021424,0.0224116669347488,FALSE,FALSE,0.927819008916667,1.1426263480584,6.99396806876452,10.4177588731887
200,"mature_positive",177,"ABCG1",0.0298109129798018,0.0540989759262238,91,1009,0.00552285003337986,0.0540989759262238,TRUE,FALSE,2.88709323891667,1.4147859837182,15.4408019951101,6.56232277822807
200,"mature_positive",178,"CD63",0.0300351944325394,0.0447897068641136,738,285,0.0447897068641136,0.0152806820009651,FALSE,FALSE,0.647584720000002,1.22502349876369,6.25889738834514,12.444896069388
200,"mature_positive",179,"BCAP31",0.0301459644045034,0.0448503975238211,739,288,0.0448503975238211,0.0154415312851858,FALSE,FALSE,0.937448420000001,1.15918989451629,6.25850176818384,12.3994014152679
200,"mature_positive",180,"LY86",0.0301506664581883,0.0521687845155756,134,973,0.00813254840080112,0.0521687845155756,TRUE,FALSE,2.381319064,0.547582265067711,13.2430123027795,6.71757833437632
200,"mature_positive",181,"ANXA4",0.0302250679159591,0.058627177277417,966,34,0.058627177277417,0.0018229585545011,FALSE,TRUE,1.10232068866667,2.0528913830339,5.44503169761655,25.276772776907
200,"mature_positive",182,"IQGAP2",0.0303208059592052,0.0385502117848909,364,719,0.0220914001335195,0.0385502117848909,FALSE,FALSE,1.43080204016667,2.08626583312703,8.99559553664695,7.88836707494573
200,"mature_positive",183,"CYSTM1",0.0309582254679777,0.037628209018632,620,453,0.037628209018632,0.0242882419173235,FALSE,FALSE,1.006939869,1.14312795348028,6.91836703454956,10.0748195886176
200,"mature_positive",184,"RENBP",0.0310909681856217,0.0339260787764763,559,527,0.0339260787764763,0.028255857594767,FALSE,FALSE,1.49599041233333,1.60207313320817,7.3162817445743,9.32117557846774
200,"mature_positive",185,"KLHL6",0.0312551983928725,0.0515253873786928,181,961,0.0109850094070523,0.0515253873786928,TRUE,FALSE,1.616209817,1.24550224283241,12.0177223833017,6.7700087306933
200,"mature_positive",186,"ZNF704",0.0313106728643053,0.0488445659750147,227,911,0.0137767797535959,0.0488445659750147,FALSE,FALSE,1.06628421973333,3.93113452010623,10.8274913835616,6.9343322774179
200,"mature_positive",187,"AP1B1",0.031366337695697,0.0493807302557504,220,921,0.0133519451356436,0.0493807302557504,FALSE,FALSE,1.47155295233333,0.889786934298232,11.0441029299719,6.90841842954393
200,"mature_positive",188,"TMEM37",0.0313901570956787,0.0416599646131575,348,777,0.0211203495781999,0.0416599646131575,FALSE,FALSE,1.2296044295,2.74752569087382,9.152057761025,7.6110198236417
200,"mature_positive",189,"TLR4",0.0313971971601405,0.0474600958912423,782,286,0.0474600958912423,0.0153342984290387,FALSE,FALSE,1.00517792525,1.28296719342949,6.08618408204098,12.4140483486462
200,"mature_positive",190,"ZNF331",0.0314712862323377,0.0519512047095952,856,205,0.0519512047095952,0.0109913677550802,FALSE,FALSE,0.841133086666668,2.11050731301434,5.80833478339359,14.3656405500803
200,"mature_positive",191,"ME1",0.0314722152540173,0.053347089882867,879,179,0.053347089882867,0.00959734062516755,FALSE,TRUE,0.975744212111111,3.26860963549278,5.74171458535703,14.9413595560511
200,"mature_positive",192,"BBS2",0.0315018560893224,0.0404267867674655,372,754,0.0225769254111792,0.0404267867674655,FALSE,FALSE,1.18494342266667,1.13188752052637,8.92028237378805,7.70986216389184
200,"mature_positive",193,"TESK2",0.0317414395541383,0.0340474600958912,561,549,0.0340474600958912,0.0294354190123854,FALSE,FALSE,0.962349685000001,1.51967847643206,7.31004244311302,9.1525536916082
200,"mature_positive",194,"CDCA7L",0.0317511446580243,0.0481475524100584,253,898,0.0153547369059902,0.0481475524100584,FALSE,FALSE,2.79618838033333,1.18884904901863,10.4445268517424,6.98862836702838
200,"mature_positive",195,"DPY30",0.0318358109105002,0.0462462826970929,762,325,0.0462462826970929,0.0174253391239076,FALSE,FALSE,1.04206987733334,1.24766713580795,6.17767003526532,11.577934078189
200,"mature_positive",196,"MARCKS",0.0320115359306521,0.0598409904715664,986,78,0.0598409904715664,0.00418208138973782,FALSE,TRUE,0.738861247666668,2.11682638480245,5.37695022472623,19.4046563257902
200,"mature_positive",197,"COL23A1",0.032343701042815,0.0364055546619484,466,679,0.0282818474236815,0.0364055546619484,FALSE,FALSE,1.19057159333334,3.00577951043956,8.09939074930516,8.09193823020399
200,"mature_positive",198,"ZKSCAN4",0.0323766658558634,0.046485443139778,301,867,0.0182678885719488,0.046485443139778,FALSE,FALSE,1.29200434066667,2.81255071344422,9.65083197154522,7.14136606108342
200,"mature_positive",199,"DEGS1",0.0324996806915066,0.0507373915154458,836,266,0.0507373915154458,0.0142619698675674,FALSE,FALSE,0.891675439333335,1.13082682029676,5.89042149924267,12.9386394783564
200,"mature_positive",200,"VEGFB",0.0325376941109856,0.0412846496166425,392,770,0.0237907386053286,0.0412846496166425,FALSE,FALSE,1.67705584233334,2.55011179470774,8.73945946923706,7.6467670334058
200,"immature_negative",1,"G0S2",0.000448105716172123,0.000788978576197123,13,2,0.000788978576197123,0.000107232856147123,TRUE,TRUE,-2.545076914,-7.53092133006859,-18.9426074864949,-49.8955138170284
200,"immature_negative",2,"TREM1",0.000544727224868383,0.00060690659707471,10,9,0.00060690659707471,0.000482547852662056,TRUE,TRUE,-2.73800169533333,-4.27545034510837,-20.0458143719853,-34.6496080103715
200,"immature_negative",3,"S100A12",0.000953924667054005,0.00117956141761836,12,22,0.000728287916489652,0.00117956141761836,TRUE,TRUE,-4.84871543266666,-6.41437736356333,-19.8426516794899,-29.2318417262119
200,"immature_negative",4,"VCAN",0.00136517051255773,0.00230550640716315,7,43,0.000424834617952297,0.00230550640716315,TRUE,TRUE,-4.17167048306667,-3.85825765505474,-21.943532276614,-25.1462133835383
200,"immature_negative",5,"DUSP2",0.0024873880263267,0.00358074892274079,59,26,0.00358074892274079,0.00139402712991261,TRUE,TRUE,-1.83214784466667,-3.86953137105267,-12.5832332105417,-27.9162109415821
200,"immature_negative",6,"NRGN",0.002629622709783,0.00337783496863439,31,63,0.0018814104509316,0.00337783496863439,TRUE,TRUE,-3.29157530466667,-3.47276176702195,-14.8348671706114,-22.5812069449827
200,"immature_negative",7,"CFP",0.00267355681208531,0.00309522364508102,51,42,0.00309522364508102,0.00225188997908959,TRUE,TRUE,-2.051506308,-3.66320661615802,-12.9783827814189,-25.2848041197581
200,"immature_negative",8,"PMAIP1",0.002707439257756,0.00321660496449596,53,41,0.00321660496449596,0.00219827355101603,TRUE,TRUE,-1.952838681,-4.2625248425789,-12.929160422549,-25.3807682939555
200,"immature_negative",9,"FYN",0.00278954297232407,0.00509356066698837,8,95,0.000485525277659768,0.00509356066698837,TRUE,TRUE,-2.50423255088889,-2.55386994310205,-21.4751652026654,-19.1831452645132
200,"immature_negative",10,"ICAM3",0.00304719273614251,0.00582630333191722,96,5,0.00582630333191722,0.000268082140367809,TRUE,TRUE,-3.000844018,-4.24878851949406,-10.8134295469717,-37.8496803193258
200,"immature_negative",11,"BTG2",0.00324155513517352,0.00364143958244826,60,53,0.00364143958244826,0.00284167068789877,TRUE,TRUE,-1.729136919,-2.46449186688452,-12.5212349064482,-23.5058090027855
200,"immature_negative",12,"MYO1G",0.00333166210305511,0.00423569781781138,40,79,0.00242762638829884,0.00423569781781138,TRUE,TRUE,-1.84508296683333,-2.25574267276697,-13.5859885119357,-20.4351497008573
200,"immature_negative",13,"CRIP1",0.0035487359094867,0.00600503994423891,18,112,0.00109243187473448,0.00600503994423891,TRUE,TRUE,-2.528955864,-2.1110715125759,-17.4784519195051,-18.2174814019871
200,"immature_negative",14,"NAMPT",0.00363157828577551,0.00428931424588494,49,80,0.00297384232566608,0.00428931424588494,TRUE,TRUE,-2.3176204685,-1.62076465018267,-13.1807727188172,-20.3491890950817
200,"immature_negative",15,"PLAC8",0.00377957745926836,0.00643320992899193,106,21,0.00643320992899193,0.0011259449895448,TRUE,TRUE,-1.49873731333333,-5.64515071558315,-10.48767344025,-29.2766869951304
200,"immature_negative",16,"HCAR3",0.00413162135756347,0.0064939005886994,107,33,0.0064939005886994,0.00176934212642754,TRUE,TRUE,-3.045692552,-4.95166760796216,-10.4373945763822,-26.5782127816475
200,"immature_negative",17,"VASP",0.00414130368333472,0.00528008739454998,87,56,0.00528008739454998,0.00300251997211946,TRUE,TRUE,-1.476671717,-2.36903029435245,-11.1380236397885,-23.0211197626591
200,"immature_negative",18,"STK17B",0.00433957252904305,0.00546215937367239,90,60,0.00546215937367239,0.0032169856844137,TRUE,TRUE,-1.14794728116667,-2.70924525964527,-11.0790478743166,-22.6356068415694
200,"immature_negative",19,"S100A9",0.00476142972199763,0.00534077805425745,88,78,0.00534077805425745,0.00418208138973782,TRUE,TRUE,-1.7678762,-3.2908288805547,-11.1363866121928,-20.6194674688453
200,"immature_negative",20,"NFKBIZ",0.00477874597022203,0.00621950565653316,55,116,0.00333798628391091,0.00621950565653316,TRUE,TRUE,-1.68616021633333,-2.06079130116513,-12.8055309985312,-17.8424192672505
200,"immature_negative",21,"FGR",0.00527674063869189,0.00728287916489652,120,61,0.00728287916489652,0.00327060211248727,TRUE,TRUE,-1.69239770566667,-1.95609163093511,-9.98911288986955,-22.612422463083
200,"immature_negative",22,"MCEMP1",0.00535809430248185,0.00867876433816836,143,38,0.00867876433816836,0.00203742426679535,TRUE,TRUE,-1.15861916133333,-3.96859652336085,-9.25472336205436,-26.469428211816
200,"immature_negative",23,"JUNB",0.00548040464357641,0.0103174121502701,170,12,0.0103174121502701,0.000643397136882741,TRUE,TRUE,-1.48230037,-3.0560557402245,-8.61571022055048,-33.5488461496547
200,"immature_negative",24,"DUSP6",0.0055077839374898,0.0103479706181974,11,193,0.000667597256782181,0.0103479706181974,TRUE,TRUE,-2.85389602944444,-1.41126345050726,-19.9317693206998,-14.5583046210337
200,"immature_negative",25,"IL1B",0.00552974529411227,0.00564423135279481,93,101,0.00564423135279481,0.00541525923542974,TRUE,TRUE,-2.7366616775,-2.98750360590705,-10.9741315568731,-18.8199973451154
200,"immature_negative",26,"PRAM1",0.00553011462497264,0.0079504764216787,131,58,0.0079504764216787,0.00310975282826658,TRUE,TRUE,-1.480775351,-2.85409959507549,-9.60401569620811,-22.9534224693619
200,"immature_negative",27,"NAPSB",0.00560495374794793,0.00831462037992353,137,54,0.00831462037992353,0.00289528711597233,TRUE,TRUE,-1.3114547545,-8.06914870917006,-9.42061835755352,-23.4860982291958
200,"immature_negative",28,"GLT1D1",0.00567086059593008,0.00576561267220975,95,104,0.00576561267220975,0.00557610851965042,TRUE,TRUE,-1.31631287733333,-2.55238144166902,-10.8238460954173,-18.6975463421655
200,"immature_negative",29,"MAP3K7CL",0.00609346783966278,0.0106696691866388,25,199,0.00151726649268678,0.0106696691866388,TRUE,TRUE,-3.41622213666667,-2.99621819441364,-15.5396176567456,-14.3554826909607
200,"immature_negative",30,"PLP2",0.00628410276291796,0.0100798884778296,41,188,0.00248831704800631,0.0100798884778296,TRUE,TRUE,-2.099415742,-1.19358476428312,-13.5704217630672,-14.7104970971838
200,"immature_negative",31,"BTG1",0.00639281294250657,0.0117132973235419,193,20,0.0117132973235419,0.00107232856147123,TRUE,TRUE,-1.04946844333333,-2.63704999009204,-8.25847805984707,-29.7712397593735
200,"immature_negative",32,"CSRNP1",0.00647118918129881,0.0121381319414942,200,15,0.0121381319414942,0.000804246421103426,TRUE,TRUE,-0.939304446999999,-4.52029908612472,-8.15360663723396,-32.2057927713778
200,"immature_negative",33,"SCO2",0.00654305087927639,0.0115312253444195,190,29,0.0115312253444195,0.00155487641413329,TRUE,TRUE,-1.40984569,-3.00699624111779,-8.29332160110347,-27.6188616301509
200,"immature_negative",34,"S100A10",0.0075120644203352,0.00986542276553536,85,184,0.00515870607513504,0.00986542276553536,TRUE,TRUE,-1.77224435633333,-1.21144121149177,-11.172462376022,-14.8733071688553
200,"immature_negative",35,"PLK2",0.00758597452163087,0.0110449841831537,68,206,0.00412696486010803,0.0110449841831537,TRUE,FALSE,-2.24541373833333,-2.96824927302996,-11.8082555756448,-14.0940522128811
200,"immature_negative",36,"CORO1A",0.00846504867665222,0.0132305638162287,218,69,0.0132305638162287,0.00369953353707576,FALSE,TRUE,-1.01454212166667,-1.97304359510826,-7.92699133193957,-21.9714192704953
200,"immature_negative",37,"QPCT",0.00863317394152305,0.0158704627097743,23,296,0.00139588517327183,0.0158704627097743,TRUE,FALSE,-2.243827845,-2.62299553003684,-15.7358479794792,-11.9850562079765
200,"immature_negative",38,"LILRA1",0.00871005007875907,0.0100746495114402,166,137,0.0100746495114402,0.00734545064607796,TRUE,TRUE,-1.163951969,-2.50253688144948,-8.77146033536939,-16.9720821601411
200,"immature_negative",39,"ADGRE5",0.00888671550964793,0.0163257874613097,269,27,0.0163257874613097,0.00144764355798617,FALSE,TRUE,-1.27356038733333,-2.96132951338933,-7.2578188493174,-27.7225705171923
200,"immature_negative",40,"ZFP36",0.00889230102878299,0.0159616435030649,263,34,0.0159616435030649,0.0018229585545011,FALSE,TRUE,-0.993003066666664,-2.0021897586725,-7.32449253285411,-26.5746855447511
200,"immature_negative",41,"FOS",0.00889342041042147,0.0141409237118407,233,68,0.0141409237118407,0.0036459171090022,FALSE,TRUE,-2.579625015,-4.01976129942894,-7.76741003663536,-22.0865009864695
200,"immature_negative",42,"DUSP5",0.0089276835760099,0.010026272049756,129,187,0.00782909510226376,0.010026272049756,TRUE,TRUE,-3.07696058266667,-4.75306258595589,-9.64229576570313,-14.8576950621886
200,"immature_negative",43,"TXNIP",0.00899879522320937,0.0113491533652971,187,124,0.0113491533652971,0.00664843708112166,TRUE,TRUE,-1.09402685,-1.2226941453559,-8.32914331625123,-17.4131339643006
200,"immature_negative",44,"VEGFA",0.00927432092607146,0.0137767797535959,227,89,0.0137767797535959,0.004771862098547,FALSE,TRUE,-1.38862638191667,-2.76273040061117,-7.81864380913617,-19.6195610745883
200,"immature_negative",45,"DUSP1",0.00948859627840683,0.0169933847180919,280,37,0.0169933847180919,0.00198380783872178,FALSE,TRUE,-1.129143193,-3.37735946115235,-7.1624319689143,-26.4712259347615
200,"immature_negative",46,"FCAR",0.00954166440471852,0.00991903919360892,151,185,0.00916428961582812,0.00991903919360892,TRUE,TRUE,-2.16554860466667,-4.27915489396155,-9.09513073404224,-14.8654195209109
200,"immature_negative",47,"MARCKSL1",0.00995999587091352,0.0196772291029972,4,367,0.000242762638829884,0.0196772291029972,TRUE,FALSE,-4.26744720633333,-1.61002976614751,-25.2447093976357,-10.7195668280951
200,"immature_negative",48,"PPP1R15A",0.0101124497928456,0.0138981610730109,229,118,0.0138981610730109,0.00632673851268029,FALSE,TRUE,-1.02584785916666,-2.1283722681363,-7.81090550326376,-17.7456036778327
200,"immature_negative",49,"S100A8",0.0103585705765909,0.0117956141761836,147,220,0.00892152697699824,0.0117956141761836,TRUE,FALSE,-2.30815394333333,-3.62486180569292,-9.18114596282991,-13.6839096872396
200,"immature_negative",50,"MTMR11",0.0104024932898359,0.0188747951690235,311,36,0.0188747951690235,0.00193019141064822,FALSE,TRUE,-1.39436282433333,-6.6648584628841,-6.91364732371425,-26.5284401763788
200,"immature_negative",51,"PPA1",0.0104590985319645,0.0111063907264672,183,183,0.0111063907264672,0.0098118063374618,TRUE,TRUE,-1.29656004666667,-2.58779378716942,-8.43131378357824,-14.8876063864357
200,"immature_negative",52,"ARRDC4",0.0104881455092782,0.0135113398745376,123,252,0.00746495114401894,0.0135113398745376,TRUE,FALSE,-1.512707518,-1.62973711117464,-9.81394729149821,-13.0193886297916
200,"immature_negative",53,"ICAM2",0.0107733421488542,0.0174182193360442,287,77,0.0174182193360442,0.00412846496166425,FALSE,TRUE,-1.1851387085,-3.06816950252306,-7.11165667638935,-20.6953763321572
200,"immature_negative",54,"FPR1",0.0109946917328235,0.0207562056199551,342,23,0.0207562056199551,0.00123317784569192,FALSE,TRUE,-0.976141250499998,-4.63859304052528,-6.65827840669633,-28.7458596885965
200,"immature_negative",55,"LST1",0.0110741873532542,0.0193603204466833,319,52,0.0193603204466833,0.00278805425982521,FALSE,TRUE,-0.901512905555552,-2.25324264246214,-6.83443116197159,-23.569621546828
200,"immature_negative",56,"EZR",0.011120181247932,0.0114098440250046,188,202,0.0114098440250046,0.0108305184708595,TRUE,FALSE,-1.1520969768,-2.1774762581043,-8.32352840785048,-14.2831784546363
200,"immature_negative",57,"S100P",0.011122420011209,0.0144764355798617,128,270,0.00776840444255629,0.0144764355798617,TRUE,FALSE,-1.138401258,-3.33130556571305,-9.6949455815638,-12.5748717618088
200,"immature_negative",58,"AMPD2",0.0111492168361884,0.0165078594404321,272,108,0.0165078594404321,0.00579057423194467,FALSE,TRUE,-1.00773808266667,-2.2808198364995,-7.24475667723095,-18.4840214717658
200,"immature_negative",59,"PTGS2",0.0114912090778519,0.0154761182254051,255,140,0.0154761182254051,0.00750629993029864,FALSE,TRUE,-2.14993299166666,-4.61832815535203,-7.41055328262008,-16.9183779334228
200,"immature_negative",60,"ITGAL",0.0116866908585214,0.0119028470323307,189,222,0.011470534684712,0.0119028470323307,TRUE,FALSE,-2.29198844766666,-1.53405133266667,-8.31533313058392,-13.6329164639363
200,"immature_negative",61,"FCN1",0.011990345906075,0.023859310492735,2,445,0.000121381319414942,0.023859310492735,TRUE,FALSE,-4.68638088133333,-2.4129405605513,-32.5944850206293,-9.96526160499486
200,"immature_negative",62,"RGS2",0.0122353131410097,0.0231838320082539,382,24,0.0231838320082539,0.00128679427376548,FALSE,TRUE,-1.1787991,-2.2127673250338,-6.26766590840271,-28.7308445522058
200,"immature_negative",63,"SOCS3",0.0122712667681132,0.0191410648222615,89,357,0.00540146871396492,0.0191410648222615,TRUE,FALSE,-1.09138918511111,-2.35380388928138,-11.1282284782676,-11.0230388809791
200,"immature_negative",64,"DDX21",0.0124088335650567,0.0142016143715482,234,198,0.0142016143715482,0.0106160527585652,FALSE,TRUE,-1.11886007433333,-1.81454496649512,-7.72260404554721,-14.4308621426106
200,"immature_negative",65,"TNFAIP3",0.0125002388854783,0.0166899314195545,275,155,0.0166899314195545,0.00831054635140207,FALSE,TRUE,-1.68049138516667,-2.60827000179472,-7.22360132728917,-15.8298719072415
200,"immature_negative",66,"ALOX5",0.0127908534623452,0.0135649563026111,198,253,0.0120167506220793,0.0135649563026111,TRUE,FALSE,-1.305486161,-2.34185529261856,-8.21797775403416,-13.0109977096808
200,"immature_negative",67,"NR4A2",0.0132523462019497,0.0259149116950901,427,11,0.0259149116950901,0.000589780708809179,FALSE,TRUE,-1.36727731222222,-4.75613175924426,-5.97527098818707,-33.9066114028605
200,"immature_negative",68,"SLC2A3",0.013909332111281,0.0270680342295321,446,14,0.0270680342295321,0.000750629993029864,FALSE,TRUE,-0.795348130666665,-3.78163661098491,-5.86835188587001,-32.6367853988716
200,"immature_negative",69,"TLE4",0.014459857993358,0.0223044340786017,109,416,0.00661528190811434,0.0223044340786017,TRUE,FALSE,-1.30813785391667,-1.52013655769741,-10.3796561627805,-10.2371209964421
200,"immature_negative",70,"NFIL3",0.0146720621642606,0.0277356314863143,457,30,0.0277356314863143,0.00160849284220685,FALSE,TRUE,-0.878796529333332,-2.87356890230626,-5.81049025090062,-27.4322410882009
200,"immature_negative",71,"CDKN1A",0.0150384448857823,0.0248224798203556,409,98,0.0248224798203556,0.00525440995120905,FALSE,TRUE,-0.783919646666664,-2.09621164502293,-6.06763875763888,-18.9177245013768
200,"immature_negative",72,"SLC22A4",0.0151468085126253,0.016031311993995,235,299,0.0142623050312557,0.016031311993995,FALSE,FALSE,-1.99110572966666,-2.1521010469742,-7.72237608644675,-11.9322489780912
200,"immature_negative",73,"CD69",0.0152140023240901,0.0241548825635735,398,117,0.0241548825635735,0.00627312208460672,FALSE,TRUE,-0.653947376,-5.51625187397226,-6.15195996789705,-17.7561901080579
200,"immature_negative",74,"FPR2",0.0153502935466083,0.0189265991099673,194,353,0.0117739879832494,0.0189265991099673,TRUE,FALSE,-1.0369817415,-2.92450836977414,-8.25770500606224,-11.0701922968502
200,"immature_negative",75,"PTX3",0.0156561759683815,0.0257895019033832,91,481,0.00552285003337986,0.0257895019033832,TRUE,FALSE,-2.86495510533333,-2.56830042521512,-11.0480437986966,-9.5542043078821
200,"immature_negative",76,"STARD4",0.015836009184227,0.022143584794381,157,413,0.00952843357407295,0.022143584794381,TRUE,FALSE,-1.16681096033333,-1.55422653622862,-8.97086461098012,-10.2451338172751
200,"immature_negative",77,"ATF3",0.0159276048646074,0.0230550640716315,145,430,0.0088001456575833,0.0230550640716315,TRUE,FALSE,-1.743820478,-1.78774178887241,-9.23695945142962,-10.0751723956231
200,"immature_negative",78,"GLIPR2",0.0163083036312412,0.0203920616617103,336,228,0.0203920616617103,0.0122245456007721,FALSE,FALSE,-0.986460199666665,-1.35552208728771,-6.73741099794817,-13.5201332172775
200,"immature_negative",79,"UPP1",0.0164399155781892,0.0272501062086545,449,105,0.0272501062086545,0.00562972494772398,FALSE,TRUE,-0.947835265999999,-2.53570667020305,-5.85284608569656,-18.6671753523442
200,"immature_negative",80,"ITGB2-AS1",0.0166024667129824,0.0261648168998981,116,488,0.00704011652606664,0.0261648168998981,TRUE,FALSE,-1.78625229216667,-1.92247127603161,-10.1623130541975,-9.47018338482399
200,"immature_negative",81,"ALOX5AP",0.0167660802841272,0.0287066820416338,473,90,0.0287066820416338,0.00482547852662056,FALSE,TRUE,-1.42757603533333,-2.09067951614403,-5.7241284982316,-19.4470030943063
200,"immature_negative",82,"SRD5A1",0.0168500534311118,0.0200279177034654,330,255,0.0200279177034654,0.0136721891587582,FALSE,FALSE,-0.775005555999998,-2.4971257254017,-6.77455331243889,-13.0062038143287
200,"immature_negative",83,"ZBTB18",0.0169865236245316,0.020803174092542,217,388,0.0131698731565212,0.020803174092542,FALSE,FALSE,-1.07046032666667,-1.44225057593855,-7.93195461661477,-10.4683148671001
200,"immature_negative",84,"EGR3",0.0170295173160969,0.0217272561752746,358,230,0.0217272561752746,0.0123317784569192,FALSE,FALSE,-0.805695019333332,-4.70006244898674,-6.46403126265352,-13.4966660506711
200,"immature_negative",85,"RASSF5",0.0171479212105141,0.020998968258785,346,248,0.020998968258785,0.0132968741622433,FALSE,FALSE,-1.39951065566666,-1.18909725007734,-6.5940757635477,-13.1388116058921
200,"immature_negative",86,"IER5",0.0173750694516921,0.0314728432791807,54,587,0.00327729562420343,0.0314728432791807,TRUE,FALSE,-1.72427502333333,-1.19278384749491,-12.8832258461493,-8.36366252861943
200,"immature_negative",87,"SERPINB9",0.0174150743292023,0.0196030830855131,323,284,0.0196030830855131,0.0152270655728915,FALSE,FALSE,-1.15377325233333,-2.39952000221564,-6.82244677941828,-12.2608403266098
200,"immature_negative",88,"FAM117A",0.0176395803090708,0.0294349699581234,485,109,0.0294349699581234,0.00584419066001823,FALSE,TRUE,-0.908646550666666,-2.54482605009618,-5.6539101593611,-18.3459696422433
200,"immature_negative",89,"RPL36A",0.0179406272624871,0.0194210111063907,320,307,0.0194210111063907,0.0164602434185835,FALSE,FALSE,-0.684493844333332,-1.12747162753627,-6.83305570221835,-11.7768416475799
200,"immature_negative",90,"TRMT6",0.0179622420663639,0.0313119939949601,76,584,0.0046124901377678,0.0313119939949601,TRUE,FALSE,-1.20746067933333,-1.53349537236209,-11.4576423027121,-8.37057050679233
200,"immature_negative",91,"RPL22L1",0.0179886467823682,0.0285246100625114,470,139,0.0285246100625114,0.00745268350222508,FALSE,TRUE,-0.912433258666665,-1.78931359565651,-5.74204813965386,-16.9315640840491
200,"immature_negative",92,"TYMP",0.0181538060112987,0.0293281861562383,115,547,0.00697942586635917,0.0293281861562383,TRUE,FALSE,-1.460257328,-1.1219680403838,-10.1771733482135,-8.70137313524382
200,"immature_negative",93,"FMNL1",0.01838427823022,0.0267545976087073,165,499,0.0100139588517327,0.0267545976087073,TRUE,FALSE,-1.466862865,-1.23786222771883,-8.77151118693499,-9.35734729353636
200,"immature_negative",94,"PDE4B",0.0187880463460573,0.033501244158524,552,76,0.033501244158524,0.00407484853359069,FALSE,TRUE,-0.850819808888888,-3.84531930990771,-5.34758758830147,-20.7057693372988
200,"immature_negative",95,"IER3",0.0189263973609511,0.0258967347595303,197,483,0.0119560599623718,0.0258967347595303,TRUE,FALSE,-1.38273217666667,-0.745616962597637,-8.23369422088302,-9.54118536264403
200,"immature_negative",96,"IRAK3",0.0193737644154024,0.0306149804300038,134,571,0.00813254840080112,0.0306149804300038,TRUE,FALSE,-1.63813364916667,-1.30141846914411,-9.55329492586858,-8.48633948723033
200,"immature_negative",97,"LMNB1",0.019806983006586,0.0355476918127714,67,663,0.00406627420040056,0.0355476918127714,TRUE,FALSE,-1.93335807566667,-1.62812509800063,-11.8207135880907,-7.79765050583215
200,"immature_negative",98,"R3HDM4",0.0201966140482129,0.0218218862259396,306,407,0.0185713418704861,0.0218218862259396,FALSE,FALSE,-1.00287374083333,-1.11399330790467,-6.9651405680813,-10.2947551476199
200,"immature_negative",99,"FOSL2",0.0203261889809002,0.0235376119242936,282,439,0.0171147660375068,0.0235376119242936,FALSE,FALSE,-0.919854687999999,-1.42454991055631,-7.15462942328048,-10.0104000540473
200,"immature_negative",100,"ATF4",0.0203384566226941,0.0320446683255447,528,161,0.0320446683255447,0.00863224491984344,FALSE,TRUE,-0.73197219333333,-1.19024673893729,-5.43671848454982,-15.5039958589969
200,"immature_negative",101,"USP3",0.0203961812464612,0.0224555440917643,370,342,0.0224555440917643,0.0183368184011581,FALSE,FALSE,-0.867754382,-1.0519485288711,-6.36991670104648,-11.3301121212913
200,"immature_negative",102,"TOB1",0.0205216365943976,0.0393275474904412,648,32,0.0393275474904412,0.00171572569835398,FALSE,TRUE,-0.688103224666665,-2.28078746378085,-4.85639765063688,-26.7900653299597
200,"immature_negative",103,"PADI4",0.0205650337839954,0.0239728105844511,395,320,0.0239728105844511,0.0171572569835398,FALSE,FALSE,-0.523653259555554,-6.26781693938806,-6.1818796593264,-11.5433038643691
200,"immature_negative",104,"ARL4A",0.0207133908992913,0.0384778782545366,634,55,0.0384778782545366,0.0029489035440459,FALSE,TRUE,-0.662363969333332,-2.96530203693434,-4.95043866941757,-23.2654088251956
200,"immature_negative",105,"EHD1",0.0207176894549437,0.0256721490562602,423,294,0.0256721490562602,0.0157632298536272,FALSE,FALSE,-1.14914381086666,-3.08602909495185,-5.99145344761505,-12.0286015665313
200,"immature_negative",106,"MAFF",0.0207442959199642,0.037628209018632,620,72,0.037628209018632,0.00386038282129645,FALSE,TRUE,-0.825043766166666,-2.46279711300875,-5.01403767408833,-21.5181613619344
200,"immature_negative",107,"AQP9",0.0212551862553914,0.0393544582059943,52,734,0.00315591430478849,0.0393544582059943,TRUE,FALSE,-2.74151322933333,-1.16526590115157,-12.9417428586999,-7.32260591353872
200,"immature_negative",108,"CD55",0.0213744736152588,0.038781331553074,639,74,0.038781331553074,0.00396761567744357,FALSE,TRUE,-1.151640737,-2.14272948718461,-4.91911120149015,-21.3651393607574
200,"immature_negative",109,"RPL10A",0.0214113562640419,0.0223948534320568,369,381,0.0223948534320568,0.020427859096027,FALSE,FALSE,-0.800083728999998,-1.23077198382459,-6.37218094662749,-10.5412139248942
200,"immature_negative",110,"CD83",0.0215913684507889,0.0319232870061298,526,210,0.0319232870061298,0.011259449895448,FALSE,FALSE,-1.35946976933333,-1.21940062034933,-5.44029012045008,-13.9619329825289
200,"immature_negative",111,"FRY",0.0218045699777152,0.0416063481850839,33,776,0.00200279177034654,0.0416063481850839,TRUE,FALSE,-1.88359873344444,-1.72024818251403,-14.6531250988879,-7.12250177555319
200,"immature_negative",112,"RPL8",0.0222919305206195,0.0232445226679614,383,398,0.0232445226679614,0.0213393383732776,FALSE,FALSE,-0.764223096666665,-0.779580155731419,-6.26616868530471,-10.345785700427
200,"immature_negative",113,"SLC2A6",0.0223680679961348,0.027310796868362,450,325,0.027310796868362,0.0174253391239076,FALSE,FALSE,-1.93268226166667,-1.89156196938831,-5.85008594294347,-11.507230511219
200,"immature_negative",114,"CYFIP2",0.0228485560564213,0.0364750864841901,601,172,0.0364750864841901,0.00922202562865262,FALSE,TRUE,-0.674701999166666,-3.32373105273414,-5.11040608129484,-15.1126651170685
200,"immature_negative",115,"IL15",0.0230905800335305,0.0323481216240821,533,258,0.0323481216240821,0.0138330384429789,FALSE,FALSE,-1.3386079605,-1.9638110040755,-5.42160438587661,-12.9515174825184
200,"immature_negative",116,"MGST1",0.0233276009604386,0.036459171090022,168,680,0.0101960308308551,0.036459171090022,TRUE,FALSE,-1.22071920725,-1.52038677525833,-8.70340085164111,-7.67856909922453
200,"immature_negative",117,"CDC42",0.023421210876965,0.0352612732900407,581,216,0.0352612732900407,0.0115811484638893,FALSE,FALSE,-0.82849487370833,-1.55158192414223,-5.19716825177297,-13.7982455986685
200,"immature_negative",118,"PPIF",0.0234744921413503,0.0402123210551713,111,750,0.00673666322752928,0.0402123210551713,TRUE,FALSE,-1.9327768445,-0.843176025426254,-10.3228849378608,-7.22946131663127
200,"immature_negative",119,"SLC46A2",0.0240113723056919,0.0288280633610487,475,358,0.0288280633610487,0.0191946812503351,FALSE,FALSE,-0.788684841999998,-3.18735986988625,-5.70738188024256,-11.0178859983872
200,"immature_negative",120,"TNF",0.0240588776909833,0.0442335531606884,64,825,0.00388420222127815,0.0442335531606884,TRUE,FALSE,-1.69194212866666,-1.65373887269579,-12.1902965022926,-6.83749156712608
200,"immature_negative",121,"ASGR2",0.0240943936528822,0.0362323238453602,597,223,0.0362323238453602,0.0119564634604043,FALSE,FALSE,-0.722038949666665,-2.76951048014368,-5.12159666599084,-13.6325304754193
200,"immature_negative",122,"EGR2",0.0241115195411478,0.0374461370395096,617,201,0.0374461370395096,0.0107769020427859,FALSE,FALSE,-0.793629365999998,-1.53834824708958,-5.02399102580841,-14.3011283997092
200,"immature_negative",123,"KCNN4",0.0243891392035574,0.044287169588762,74,826,0.00449110881835286,0.044287169588762,TRUE,FALSE,-1.76569906866666,-1.68571967557428,-11.6146717372914,-6.83718645320187
200,"immature_negative",124,"TMCC3",0.024412566494564,0.0274321781877769,452,399,0.0274321781877769,0.0213929548013511,FALSE,FALSE,-0.900772967666666,-2.13729119714995,-5.83839267934966,-10.340754605462
200,"immature_negative",125,"CXCL8",0.0244334426367201,0.040855718192054,132,762,0.00801116708138618,0.040855718192054,TRUE,FALSE,-3.95675839516666,-1.21950222253521,-9.59741747125503,-7.19054462372817
200,"immature_negative",126,"RAC2",0.0245955447172513,0.0466711173150452,769,47,0.0466711173150452,0.0025199721194574,FALSE,TRUE,-0.622357803999997,-2.22195865569259,-4.4497884190526,-24.3360631908634
200,"immature_negative",127,"COTL1",0.0247216167012938,0.0305077475738566,312,569,0.018935485828731,0.0305077475738566,FALSE,FALSE,-0.913342128166664,-1.17580101697144,-6.91100844190125,-8.504496863652
200,"immature_negative",128,"ELF4",0.0247608829170833,0.0306487831522729,505,352,0.0306487831522729,0.0188729826818937,FALSE,FALSE,-0.733019667333332,-1.37023756357901,-5.51714084940427,-11.0835567534178
200,"immature_negative",129,"RIT1",0.0249722036225357,0.0345289796793738,254,644,0.0154154275656976,0.0345289796793738,FALSE,FALSE,-1.122300057125,-0.795181709890119,-7.43497581213497,-7.94949752895263
200,"immature_negative",130,"ANXA1",0.0250749589521289,0.0274516111736636,374,512,0.0226983067305942,0.0274516111736636,FALSE,FALSE,-1.02158261366667,-1.12760864185921,-6.35181987387043,-9.17279257591801
200,"immature_negative",131,"CCNL1",0.0254083540824875,0.0472780239121199,779,66,0.0472780239121199,0.00353868425285507,FALSE,TRUE,-0.520385450166664,-2.87076714520255,-4.4183535804954,-22.4091475436648
200,"immature_negative",132,"MYH9",0.0255604728407313,0.0324088122837895,534,349,0.0324088122837895,0.018712133397673,FALSE,FALSE,-0.707076199999998,-1.03233891163969,-5.41630907773093,-11.1395256652355
200,"immature_negative",133,"YRDC",0.0257391866749382,0.0382351156157067,630,247,0.0382351156157067,0.0132432577341697,FALSE,FALSE,-0.692449438999999,-2.03360366543325,-4.95999671855775,-13.1501041816941
200,"immature_negative",134,"CD300C",0.0260873469046708,0.0337247332582703,304,629,0.0184499605510712,0.0337247332582703,FALSE,FALSE,-1.33249034133333,-1.46600525101564,-6.97568496269016,-8.09875192648298
200,"immature_negative",135,"FBL",0.0260947790781077,0.0296170419372459,488,421,0.0296170419372459,0.0225725162189695,FALSE,FALSE,-0.770957579666666,-1.1140721752254,-5.63402464454269,-10.1815999794519
200,"immature_negative",136,"KLF4",0.0261131805407985,0.0520118953693027,857,4,0.0520118953693027,0.000214465712294247,FALSE,TRUE,-0.515042877166666,-4.35700262013362,-4.22292643733104,-39.0573415560336
200,"immature_negative",137,"MCL1",0.0262552362533533,0.0447897068641136,738,144,0.0447897068641136,0.00772076564259289,FALSE,TRUE,-0.528657446733332,-2.34782217916293,-4.52585836513523,-16.4731364781799
200,"immature_negative",138,"UBXN2B",0.0270006614471658,0.0387206408933665,638,285,0.0387206408933665,0.0152806820009651,FALSE,FALSE,-0.715753354499999,-1.59371953796213,-4.93136492206722,-12.2500647060777
200,"immature_negative",139,"GBP5",0.0270751426283381,0.0280390847848516,462,487,0.0280390847848516,0.0261112004718246,FALSE,FALSE,-0.537015883333333,-2.40337919020677,-5.78055578087657,-9.51256716565294
200,"immature_negative",140,"PSTPIP2",0.0271295091071898,0.0303468982896359,394,566,0.0239121199247436,0.0303468982896359,FALSE,FALSE,-1.201115553,-0.983298016180942,-6.18766059795206,-8.52225978391684
200,"immature_negative",141,"RGS1",0.027791912953812,0.045145032437939,172,842,0.010438793469685,0.045145032437939,TRUE,FALSE,-1.54853793344444,-2.71677049096933,-8.60730643725356,-6.78328026016347
200,"immature_negative",142,"KBTBD11",0.028404382291907,0.0287673727013413,474,523,0.0287673727013413,0.0280413918824728,FALSE,FALSE,-0.591141330666666,-1.58115614704826,-5.71112773393567,-9.05677434180509
200,"immature_negative",143,"NKG7",0.0285838689550068,0.0441799367326149,214,824,0.0129878011773988,0.0441799367326149,FALSE,FALSE,-0.751341045333331,-1.9505678211271,-7.94954626183061,-6.85477128733953
200,"immature_negative",144,"PIM3",0.0288096505093006,0.0440007282879165,725,254,0.0440007282879165,0.0136185727306847,FALSE,FALSE,-0.652369745333332,-1.46759267783549,-4.57295349488489,-13.0086295283296
200,"immature_negative",145,"SMAD3",0.0288977090738641,0.0432117497117194,712,272,0.0432117497117194,0.0145836684360088,FALSE,FALSE,-0.654163828749999,-3.11829086035265,-4.63219736689126,-12.5641454785744
200,"immature_negative",146,"IER2",0.0290602146524278,0.0579595800206348,955,3,0.0579595800206348,0.000160849284220685,FALSE,TRUE,-0.675582633333332,-3.44390923838356,-3.95384960646556,-41.6417163219214
200,"immature_negative",147,"CLEC4E",0.0290783265076597,0.0412846496166425,278,770,0.0168720033986769,0.0412846496166425,FALSE,FALSE,-1.65847594866667,-1.16973859677694,-7.2056849967074,-7.16588890795358
200,"immature_negative",148,"SUN2",0.0294590252742935,0.0304541311457831,469,568,0.0284639194028039,0.0304541311457831,FALSE,FALSE,-0.853137311666666,-1.19593197099261,-5.74749184246958,-8.50467868060092
200,"immature_negative",149,"MEGF9",0.0295360689933736,0.051404988772228,847,143,0.051404988772228,0.00766714921451933,FALSE,TRUE,-0.696799496833332,-2.25195174290561,-4.24935156602839,-16.4841356331925
200,"immature_negative",150,"EFHD2",0.0299964992966265,0.0365664039461691,386,682,0.0234265946470838,0.0365664039461691,FALSE,FALSE,-1.0782373735,-0.854285477916587,-6.25308336061006,-7.65081016068203
200,"immature_negative",151,"HNRNPA1",0.0310023613192963,0.0351187603881829,443,655,0.0268859622504097,0.0351187603881829,FALSE,FALSE,-0.824102496666665,-0.746526235899271,-5.89191854754855,-7.85412760442828
200,"immature_negative",152,"BCL2A1",0.0310862889100515,0.0531650179037446,876,168,0.0531650179037446,0.00900755991635837,FALSE,TRUE,-1.14247280866667,-3.48802030786521,-4.1826534041473,-15.3196982624948
200,"immature_negative",153,"GABARAPL1",0.0314301391950742,0.0549250470352613,905,148,0.0549250470352613,0.00793523135488714,FALSE,TRUE,-0.745215302999998,-1.86823988593817,-4.08048838250386,-16.2065518349687
200,"immature_negative",154,"FBXW7",0.031455649056571,0.0512229167931055,844,218,0.0512229167931055,0.0116883813200365,FALSE,FALSE,-0.474090805388888,-2.51514171249116,-4.25396641314462,-13.7063694146345
200,"immature_negative",155,"SLC25A37",0.0315759223834048,0.0445469442252837,734,347,0.0445469442252837,0.0186049005415259,FALSE,FALSE,-0.444920193730158,-2.72711939941858,-4.53786845501336,-11.1598003236716
200,"immature_negative",156,"OR52K3P",0.031680200592669,0.0372634175111254,430,695,0.0260969836742125,0.0372634175111254,FALSE,FALSE,-1.08916586066667,-3.54002416377268,-5.94843773591617,-7.58146047020733
200,"immature_negative",157,"NOD2",0.0317306378467286,0.0370819930812648,611,492,0.0370819930812648,0.0263792826121924,FALSE,FALSE,-0.923951384333331,-1.50027695534257,-5.07612208523879,-9.45095684432135
200,"immature_negative",158,"RNF144B",0.0319236791151049,0.0486739090853918,802,283,0.0486739090853918,0.015173449144818,FALSE,FALSE,-0.859149001749998,-1.47483162510241,-4.3627506348908,-12.2630727421126
200,"immature_negative",159,"LPCAT2",0.0320194285474084,0.0606401801511983,56,1131,0.00339867694361838,0.0606401801511983,TRUE,FALSE,-1.16923240408333,-1.13883969929841,-12.6722867331727,-5.5322023063721
200,"immature_negative",160,"BZW2",0.0320251474812154,0.0435152030102567,717,383,0.0435152030102567,0.0205350919521741,FALSE,FALSE,-0.647867951333333,-1.19684784019622,-4.60552714187396,-10.5352946585286
200,"immature_negative",161,"STX11",0.0321550689666484,0.061843782241913,1019,46,0.061843782241913,0.00246635569138384,FALSE,TRUE,-0.729238272666666,-2.56982784414248,-3.82595278134211,-24.4850704467107
200,"immature_negative",162,"FGL2",0.0323051507106315,0.038659950233659,637,484,0.038659950233659,0.0259503511876039,FALSE,FALSE,-1.45745254316667,-0.690038500623126,-4.94443923804554,-9.5363047665895
200,"immature_negative",163,"CCDC88B",0.0324168269261604,0.05759543606239,949,135,0.05759543606239,0.00723821778993084,FALSE,TRUE,-0.484613048999999,-3.1394147821863,-3.9717157831635,-17.1237162099732
200,"immature_negative",164,"DAZAP1",0.0325127553293654,0.0471824567047343,294,880,0.0178430539539965,0.0471824567047343,FALSE,FALSE,-1.08251513508333,-0.777968492984168,-7.02104829138363,-6.57537757831327
200,"immature_negative",165,"CASP1",0.032567445582848,0.0509801541542757,840,264,0.0509801541542757,0.0141547370114203,FALSE,FALSE,-0.682010685600001,-1.22780221060702,-4.2598363566751,-12.8151427832712
200,"immature_negative",166,"TUBA4A",0.0328163420425748,0.0589306305759544,971,125,0.0589306305759544,0.00670205350919522,FALSE,TRUE,-0.791057661999998,-1.8826383138035,-3.92181133927963,-17.408405346148
200,"immature_negative",167,"FAM118A",0.0331250229184442,0.0481276931480245,793,338,0.0481276931480245,0.0181223526888639,FALSE,FALSE,-0.643983146999998,-1.6559924561265,-4.38376710678766,-11.355485599584
200,"immature_negative",168,"CD1C",0.0333605209656813,0.0517084420707653,852,280,0.0517084420707653,0.0150125998605973,FALSE,FALSE,-1.082082159,-2.04672452149521,-4.23074662101431,-12.3128598256259
200,"immature_negative",169,"CLEC12B",0.0334666572183047,0.0360502518662378,594,576,0.0360502518662378,0.0308830625703716,FALSE,FALSE,-0.533436781166665,-2.08035140067577,-5.13414585465133,-8.42330309675795
200,"immature_negative",170,"PPM1F",0.0335059689903237,0.0542062087823709,211,1011,0.0128057291982764,0.0542062087823709,FALSE,FALSE,-1.072777368,-0.950940494146566,-7.95832694393206,-5.91270935843047
200,"immature_negative",171,"REV3L",0.0335128642510561,0.0596214680178007,122,1112,0.00740426048431146,0.0596214680178007,TRUE,FALSE,-1.27403557983333,-0.720422161704432,-9.84187555298069,-5.58522203873359
200,"immature_negative",172,"GCH1",0.0335584090914719,0.0583237239788797,961,164,0.0583237239788797,0.00879309420406412,FALSE,TRUE,-2.34868093433333,-3.35524602738296,-3.93679500702358,-15.454205733963
200,"immature_negative",173,"MXD1",0.0346229475377032,0.0361109425259453,595,618,0.0361109425259453,0.0331349525494612,FALSE,FALSE,-0.765500865249999,-0.89643256503728,-5.12404662662859,-8.15622929725572
200,"immature_negative",174,"TRA2B",0.0348402117040937,0.0381212803603024,520,711,0.0315591430478849,0.0381212803603024,FALSE,FALSE,-0.605231681222223,-1.01919918006895,-5.47140344761152,-7.46204121910948
200,"immature_negative",175,"CREB5",0.0349485639418793,0.0401587046270977,490,749,0.0297384232566608,0.0401587046270977,FALSE,FALSE,-0.706517739666666,-1.46587834766358,-5.61584020552632,-7.24471186413089
200,"immature_negative",176,"JUND",0.0351006371438936,0.0498270316198337,821,380,0.0498270316198337,0.0203742426679535,FALSE,FALSE,-0.526515618833331,-2.04303668018301,-4.29951654842432,-10.5501453724377
200,"immature_negative",177,"RNF19B",0.0354817735757319,0.0596750844458742,186,1113,0.0112884627055896,0.0596750844458742,TRUE,FALSE,-1.2770661515,-0.766246470670688,-8.32999891882252,-5.58485403987462
200,"immature_negative",178,"LINC00877",0.0354979362751457,0.0373247557200947,615,628,0.0373247557200947,0.0336711168301968,FALSE,FALSE,-0.607978098333332,-2.85183956782639,-5.05105584370046,-8.10241814695286
200,"immature_negative",179,"IRF1",0.0355785057209855,0.069065970747102,1138,39,0.069065970747102,0.00209104069486891,FALSE,TRUE,-0.621985084666666,-3.57070639595677,-3.61278484649568,-26.323425008209
200,"immature_negative",180,"SERPINA1",0.035606277123874,0.0442434909267464,729,503,0.0442434909267464,0.0269690633210016,FALSE,FALSE,-0.616972522166666,-2.29189013285274,-4.56716492224018,-9.31625771345238
200,"immature_negative",181,"REL",0.0356269856841859,0.0606937965792719,174,1132,0.0105601747891,0.0606937965792719,TRUE,FALSE,-1.07041718963889,-0.662475490697553,-8.57852022640452,-5.53100992855755
200,"immature_negative",182,"PRELID1",0.0360398422678032,0.0599623717909814,988,226,0.0599623717909814,0.012117312744625,FALSE,FALSE,-0.603434573499998,-1.37846484034542,-3.88122620582021,-13.5720457224938
200,"immature_negative",183,"SOX4",0.0362876876802357,0.0552785373438422,285,1031,0.0172968380166292,0.0552785373438422,FALSE,FALSE,-0.914899208333333,-2.09666956505667,-7.14583831011389,-5.82569416575362
200,"immature_negative",184,"MYD88",0.0364364027373346,0.0428476057534745,706,560,0.0428476057534745,0.0300251997211946,FALSE,FALSE,-0.587017256666663,-0.868713272354447,-4.64802424218629,-8.577605748082
200,"immature_negative",185,"TSC22D3",0.0364548269781401,0.0477635491897797,787,469,0.0477635491897797,0.0251461047665005,FALSE,FALSE,-0.485777966166667,-1.5856922704275,-4.39037575228842,-9.7151849954487
200,"immature_negative",186,"LDHA",0.0364783112144335,0.0459492788590424,445,857,0.0270073435698246,0.0459492788590424,FALSE,FALSE,-0.713441536666665,-0.488769350676733,-5.86855228508123,-6.68636121899296
200,"immature_negative",187,"IL17RA",0.0370304364455667,0.0649996965467015,1071,169,0.0649996965467015,0.00906117634443193,FALSE,TRUE,-0.640865797055556,-1.73100373530647,-3.71764332316069,-15.2642382669721
200,"immature_negative",188,"HNRNPH1",0.0371591051346892,0.0446683255446987,736,553,0.0446683255446987,0.0296498847246796,FALSE,FALSE,-0.711817800416667,-1.13555605361965,-4.53200653053703,-8.64496511876293
200,"immature_negative",189,"RSRC2",0.0372486638008089,0.0388719103533323,587,725,0.0356254172482855,0.0388719103533323,FALSE,FALSE,-0.728988252499998,-0.684502761868384,-5.17293919554526,-7.41442946003056
200,"immature_negative",190,"SH2B2",0.0372868220240173,0.0404199793651757,666,637,0.0404199793651757,0.0341536646828588,FALSE,FALSE,-0.847140047333331,-1.47695491500732,-4.8116802764029,-7.98464072854621
200,"immature_negative",191,"SKIL",0.0375210558858865,0.0609618787196397,232,1137,0.0140802330521333,0.0609618787196397,FALSE,FALSE,-0.794068563861109,-1.7572700728701,-7.77773393655182,-5.49825817143354
200,"immature_negative",192,"FLNA",0.0376340760101849,0.0735081228888531,29,1371,0.00176002913151666,0.0735081228888531,TRUE,FALSE,-2.21636597255555,-0.546376467609399,-14.9643065268588,-4.83421112860613
200,"immature_negative",193,"ASPHD2",0.0378831172736411,0.0414517205802027,683,640,0.0414517205802027,0.0343145139670795,FALSE,FALSE,-0.459748661999998,-1.91853122065135,-4.75150408075826,-7.97718066825419
200,"immature_negative",194,"PLAUR",0.0378894186763822,0.0631789767554773,1041,235,0.0631789767554773,0.012599860597287,FALSE,FALSE,-0.712572326222221,-1.33192331407782,-3.78756335721509,-13.404986130473
200,"immature_negative",195,"IFITM1",0.0381588105583473,0.0581416519997572,958,339,0.0581416519997572,0.0181759691169374,FALSE,FALSE,-0.653891236666665,-1.59573997097422,-3.94987189071089,-11.3511307492286
200,"immature_negative",196,"LILRA2",0.038456107257873,0.0687625174485647,1133,152,0.0687625174485647,0.00814969706718138,FALSE,TRUE,-0.696966043499999,-1.82084137582709,-3.62126566984671,-16.0266982830977
200,"immature_negative",197,"PGK1",0.0385278127630638,0.0451538508223584,744,595,0.0451538508223584,0.0319017747037692,FALSE,FALSE,-0.650173964124999,-0.838486140252571,-4.51194905345581,-8.33273598573459
200,"immature_negative",198,"FUT4",0.03853580462732,0.055410572312921,913,404,0.055410572312921,0.0216610369417189,FALSE,FALSE,-0.699871775333331,-1.71433999069325,-4.05306893310474,-10.3238883030587
200,"immature_negative",199,"ORM1",0.0385362081253525,0.0455739638625275,519,850,0.0314984523881775,0.0455739638625275,FALSE,FALSE,-0.530476655666666,-4.21752983758549,-5.47768903074176,-6.71751032610578
200,"immature_negative",200,"NXF1",0.0385484529890316,0.063907264671967,1053,246,0.063907264671967,0.0131896413060962,FALSE,FALSE,-0.686065319999999,-1.36761032320437,-3.76931862778429,-13.1567231429627
